Unnamed: 0,tweet
0,"The @IndiaToday Group has launched a #SaveTheTaj campaign across all platforms.Each week, we will highlight one asp‚Ä¶ https://t.co/yDMQqGANah"
2,The Mamata Formula. Will Bengal Chief Minister @MamataOfficial be the force around which the opposition coalesces i‚Ä¶ https://t.co/8BixFfcTkO
4,The New Strategem. The BJP and RSS put their heads together to come up with a new blueprint for the 2019 elections. https://t.co/JyqTRv8tY0
6,Trump‚Äôs Big Deal: As US President Donald Trump and North Korean supreme Kim Jung-un reach a historic nuclear detent‚Ä¶ https://t.co/EqipRDxDdx
8,Goal 2019. Because the kick off for the next general elections began as the government entered its fifth year. We r‚Ä¶ https://t.co/EkTj6S4T9X
10,Another exciting new feature in #IndiaTodayBestCollegesSurvey‚ÄîReturn on Investment ranking. We match course fees to‚Ä¶ https://t.co/nuoS0DbYxn
12,"RT @IndiaToday: This is the communication sent by the India Today Group to set the record right on CobraPost‚Äôs malafide sting operation.
ht‚Ä¶"
14,"We shall fight with whatever we have‚Äô, Army chief General VP Malik said during Kargil War 1999. Army now in nearly‚Ä¶ https://t.co/ifFPpuyNJW"
16,"The Wuhan Warmup. Post the ‚Äòinformal‚Äô Xi-Modi summit, our cover story asks the big questions. Can India and China f‚Ä¶ https://t.co/lqZexlggeG"
18,"Yogi‚Äôs Agni Pariksha. The alleged cover-up of a rape by a BJP MLA, rising Dalit anger &amp; the party‚Äôs defeat in two c‚Ä¶ https://t.co/OfDbgVI372"
20,"Informed by history, buttressed by intelligentsia, empowered by education and imbued with electoral power, Dalits s‚Ä¶ https://t.co/A2li8hDhiv"
22,Can an anti-Modi alliance win 2019? Opposition parties energised by NDA‚Äôs bypoll losses and its fragmenting constit‚Ä¶ https://t.co/VtCQNvTEoe
24,"We certainly need more candour, humour &amp; humanity in our lives."
26,"#LetsConclave18
Grab the @IndiaToday special issue which curates the best of the conclave. ‚ÄòThe Great Churn: Triump‚Ä¶ https://t.co/aaRtysqoeJ"
28,"Hard fought election of 2016 is now well &amp; truly behind her, but as headlines abt Russian interference show,‚Ä¶ https://t.co/bGIgYxdcIN"
30,"As most sensible people realise with every passing day, Mrs Hillary Clinton should have been President.
@IndiaToday #LetsConclave18"
32,"Government has no business being in business. Until the Prime Minister applies that to banking in India, there will‚Ä¶ https://t.co/1ctvWGx61x"
34,Whats the endgame? India-Pakistan relations dip dangerously as the LoC‚Äôs bunker-to-bunker conflict mounts. With no‚Ä¶ https://t.co/womc2otDZk
36,The added readership of India Today English and India Today Hindi puts us ahead of India's No.1 English newspaper.‚Ä¶ https://t.co/YI5QKOuXRv
38,"For those who think magazines are passe, there is some breaking news. Readership of magazines in the country stands‚Ä¶ https://t.co/E97kyq00Vd"
40,Betting the farm. Prime Minister Modi articulates his vision for the 2019 elections. #Budget2018 recognises rural d‚Ä¶ https://t.co/y8ItsMFwv8
42,The tightrope walker. Finance Minister Arun Jaitley faces one of his toughest challenges in #Budget2018. Has to bal‚Ä¶ https://t.co/gFX4pjLLua
44,"Oh my Lords! A revolt by four Supreme Court judges polarises the nation, raising both alarm and hope. Will it open‚Ä¶ https://t.co/hpyjyojxde"
46,"#SouthConclave18 The six chief ministers of the South are currently the brand ambassadors for their states, as much‚Ä¶ https://t.co/g2jyNN631e"
48,"Hrudayapoorvaka Swagatham (hearty welcome). Over the next two days at #SouthConclave18, you will listen to visionar‚Ä¶ https://t.co/TRbpN0MRHl"
50,"Meet our happiness project, the do-gooders who help change millions of lives. IIT-ian Umesh Malhotra who educates 1‚Ä¶ https://t.co/0U5xVUTuwn"
52,"#IndiaTodayNewsmaker2017 @imVkohli. Why #KingKohli? ¬†2,818 runs, 9 back-to-back series wins, six 200+ scores in 17‚Ä¶ https://t.co/IKFUhRm7Hn"
54,"The hand needs holding. The Gujarat defeat was honourable, but Rahul‚Äôs #Congress needs to urgently stem the organis‚Ä¶ https://t.co/NGRVrINo48"
56,RT @IndiaToday: Watch India Today Group Chairman &amp; Editor-in-Chief @aroonpurie delivering the keynote address at #ArtsAwards18 ceremony. #I‚Ä¶
58,"India Today is 42! Our unmissable anniversary special looks at the DIY Generation, 42 tech-wizards, change-makers,‚Ä¶ https://t.co/dnVqhykZ1d"
60,Will he fit the cap? Curious echo of a question we asked of Rahul‚Äôs father Rajiv Gandhi as he was being groomed to‚Ä¶ https://t.co/o9kMj9gsD6
62,"The Un(ease) of doing business in India. Sure, India jumped 30 places in the World Bank‚Äôs ease of doing business ra‚Ä¶ https://t.co/SStRFLwsMW"
64,"The all new saree. A sign of both modernity and tradition, in the hands of designers today, the sari is becoming an‚Ä¶ https://t.co/kDMdp3GHfr"
66,"At @IndiaToday  #ConclaveEast17 CM Mamata Banerjee was in full form leading the charge against the Modi govt. ""Beng‚Ä¶ https://t.co/sAwhpasFs1"
68,"A Republic of outrage? Why and how myth, history and electoral calculations fuelled the Padmavati conflagaration. T‚Ä¶ https://t.co/wo8mJElxbz"
70,"The Dragon‚Äôs Grip Tightens. Nepal, Bangladesh, Sri Lanka and the Maldives-- China‚Äôs One Belt, One Road is rapidly e‚Ä¶ https://t.co/M5gs0deAq8"
72,"@IndiaToday @aajtak SO PROUD
Best news channel Hindi @aajtak; best news channel English @IndiaToday; Best news prog‚Ä¶ https://t.co/xW1gpBE2rr"
74,Hits and misses. #Demonetisation‚Äôs first anniversary asks for a lookback at the consequences of PM Modi‚Äôs economic‚Ä¶ https://t.co/EuZn073BXF
76,Two many leaders? The BJP is divided between Shanta Kumar and Prem Kumar Dhumal. The fight with the Congress in Him‚Ä¶ https://t.co/xzvgS4k5oH
78,"Priyanka Chopra in Hollywood. Now, desi supermodels Pooja Mor, Rasika Navare are international runway scorchers. Mo‚Ä¶ https://t.co/qPwEbSNYX8"
80,"How to solve the #jobscrisis: @IndiaToday  talks to a¬†galaxy of top experts about solutions.
https://t.co/QD7ksUWHBZ"
82,Can Amit Shah‚Äôs manoeuvres enable BJP to better its 2014 General Election tally of a simple 282-seat majority¬†to a massive 350 in 2019?
84,"RT @aajtak: ‡§∏‡•ç‡§µ‡§ö‡•ç‡§õ ‡§ú‡§ø‡§≤‡§æ ‡§∏‡•á ‡§≤‡•á‡§ï‡§∞ ‡§∏‡•ç‡§µ‡§ö‡•ç‡§õ ‡§Æ‡§Ç‡§¶‡§ø‡§∞ ‡§™‡§∞‡§ø‡§∏‡§∞ ‡§§‡§ï ‡§ï‡•á ‡§≤‡§ø‡§è #Safaigiri17 ‡§Ö‡§µ‡•â‡§∞‡•ç‡§° @MVenkaiahNaidu, @aroonpurie
Live: https://t.co/MSVY8sS7xn‚Ä¶"
86,"What's the next big thing in technology that Satya Nadella, Micrsoft CEO, is betting on? @IndiaToday  travels to his Seattle HQ to find out"
88,"COVER STORY
#MoversAndShakers
Our special collector‚Äôs issue celebrates 70 icons who have defined India in the 70 yr‚Ä¶ https://t.co/wNWMvoRvaZ"
90,How will Infosys reboot. A behind-the-scenes account of the Vishal Sikka-Narayana Murthy showdown. What‚Äôs next? #IndiaTodayMagazine
92,1/2 Modi has achieved a kind of political nirvana ‚Äîhis popularity delinked to people‚Äôs view of his performance.
94,India a miracle of history. Only erstwhile British colony to survive as united democracy despite diversity. https://t.co/edTEdB6Uc1
96,".@indiatoday latest issue has 70 institutions which contributed to India. Temples of modern India in education, healthcare, business &amp;infra."
98,#NawazSharif's ouster has thrown Pak into political turmoil. Actors have changed but torturous Game of Thrones plot‚Ä¶ https://t.co/92tWnbsWsy
100,@IndiaToday Correction: Featured in SPD - Society of Publication Designers
102,Leaked documents reveal China‚Äôs plans to buy out large swathes of Pakistan‚Äôs economy. Why India needs to worry.
104,The frequent lynching by cow vigilantes and mobs is a shame on our country. Government must #StoptheMadness https://t.co/6F1ECHDHjy
106,China continues to needle India by provoking perilious military standoff about an obscure pasture in Bhutan. An ind‚Ä¶ https://t.co/baWJd9sOJg
108,Much needed reform #GST gets rolling. Unnecessarily complicated. Many bumps ahead Hopefully we will eventually blun‚Ä¶ https://t.co/LNusVqZ4vr
110,The Naveen mystique. Four terms and 17-years. The secret behind the uninterrupted reign of Odisha CM Naveen Patnaik. @IndiaToday magazine
112,"Good news: Most dreaded disease of our times with¬†new breakthroughs in drugs &amp; therapies will soon be controlled.
https://t.co/sStF8HBVCP"
114,Kudos to govt for deciding to privatize the bleeding Maharaja. Bold decision. It has debt of Rs 52000 cr &amp; annual l‚Ä¶ https://t.co/ccPbsf3LTK
116,"2/3
Such a move also undermines basic tenets of free speech enshrined in the Constitution. I maintain none of us in media are above the law."
118,"Indian farmers use 2-3 times more water to produce one tonne of grain compared to China, Brazil &amp; the US. Just inefficient."
120,"Loan waivers for farmers are band-aid populist solutions. Not addressing fundamental problems of agriculture.
https://t.co/nvUJ5VpRsE"
122,Our provocative cover on Pakistan‚Äôs tactical nuke threat won us IFRA‚Äôs ‚ÄòBest of Asia‚Äô cover design award. Way to go‚Ä¶ https://t.co/lCsoNke8vS
124,.@UdayMahukar has tracked Modi through a three-decade career with us. Marching with a billion released on 3-yr anniversary of Modi govt
126,Govt has introduced game changing economic legislation: #GST and Banking regulation. Audacious attack on black mone‚Ä¶ https://t.co/09jsfyk0ld
128,"In its 20th year @IndiaToday‚Äôs Best Colleges survey'17 is out. In the  latest issue, new winners &amp; top educational‚Ä¶ https://t.co/NHMpZUWrcr"
130,Rahul has a plan. Finally. First steps from Gandhi scion to end Congress‚Äô coma includes a rejig of party strategists in poll-bound states.
132,Blaming EVMs for defeat shows how bereft #AAP is of ideas. They showed glimmer of being an effective opposition. Dimmed now.
134,A Shocking Surge: Childhoods at stake in Jharkhand as Maoists conscript child soldiers to replenish depleting ranks.
136,1/2 Political class makes ritualistic mourning noises at deaths of soldiers but do nothing later.
138,"1/2 Despite deadly strikes in Chhatisgarh, Maoists are on the run from an aggressive security establishment. Hearte‚Ä¶ https://t.co/uYpYuCMeqO"
140,"The Baahubali blockbuster -- Rs 450 crore spend for 2 films; 615- day shoot over 4 years, minimum 600-person crew on sets.¬†#BaahubaliReturns"
142,"#HighandMighty Global list in the Age of Trump vs Brexit has many changes in international movers and shakers. 
https://t.co/7LMOVlQR7V"
144,.@IndiaToday My editor's note from the magazine https://t.co/SFQuyFNCRQ
146,"Perils of moral policing in UP which tops list of crimes against women including rapes &amp; dowry deaths. Strangely, ‚Äòeve-teasing‚Äô main focus"
148,"Technology is a great leveller. Mukesh Ambani on the march of disruptive tech that can transform global economy
https://t.co/2NOpKUydZm"
150,Old certainties vanish as world lurches towards volatility. @IndiaToday #Conclave17 made sense of the world reshaped https://t.co/vXOlm5wqkM
152,"This government obviously is on steroids. Taking all the problems of India by the horns, one scheme at a time: @aroonpurie #Conclave17"
154,.@indiatoday #Conclave17 https://t.co/6yTAai17py
156,"RT @IndiaToday: I have a deep affection and long association with Mumbai: @aroonpurie, Editor-in-Chief #Conclave17
Watch Live https://t.co/‚Ä¶"
158,"RT @IndiaToday: For past 15 yrs, we‚Äôve had many of greats of the world who‚Äôve made history at Conclave: @aroonpurie, #Conclave17
 https://t‚Ä¶"
160,"Trump‚Äôs goal is to grow trade with India from $100 Bn to $300 Bn, says his  closest Indian-American ally Shalabh Kumar @IndiaToday"
162,Congratulating the team at #enbaAwards @IndiaToday @aajtak https://t.co/wCeJyMxMrI
164,At #enbaAwards. ITG Group Editorial Director Kalli Purie's incisive speech. https://t.co/kvh5Z8DxJy
166,"#UnmadeInIndia. Delays, a funds crunch and bureaucracy could undo the plan to indigenize our $100 billion arms buys. @IndiaToday magazine"
168,No communal overtones or appeasement noises from @yadavakhilesh More positivity than negativity in speeches. Short on rival abuse.
170,#CampaignTrail Akhilesh Yadav - Great crowd connect bordering on bhaiyamania. Force to reckon with.¬†#UP
172,Akhilesh Yadav with Mother Teresa Sisters waiting for him on the road.  Benefits of Congress Alliance. https://t.co/HfqlaEFtlD
174,"The dynasty bandwagon rolls on. 20 per cent of all candidates in #UPPolls are kin of BSP, SP, Congress and BJP leaders."
176,#Ammainwaiting. VK Sasikala's struggles to claim Jayalaithaa's legacy in this edition of @IndiaToday magazine https://t.co/3IhkTbD9yU
178,A fine balance in the budget. FM Jaitley's please-all budget lowers taxes &amp; stimulates key sectors without compromising on fiscal prudence.
180,NDA wins on security - 58 per cent endorse surgical strikes on Pakistan. 44 per cent say terrorism biggest security threat. #MOTN
182,Presenting a re-imagined¬†@IndiaToday. Dazzling variety of finely curated information and features for the thinking Indian in a new design.
184,"Arifa Jan, 31 braves stone pelters in #Srinagar to work to revive #Kashmir‚Äôs failing craft of Namda weaving. https://t.co/Oqj0cjrolu"
186,Will BJP‚Äôs bid to project Modi as the messiah of the poor find traction in high-stakes battle for UttarPradesh? https://t.co/jUdvCSC9nz
188,Winning UP will be the turning point of PM's premiership &amp; a verdict on demonetization. Defeat will be a serious personal setback.
190,"Govt schools should not give a reason for private schools to exist. If they do not live up to the expectation, then give people a choice."
192,Much of India‚Äôs future lies in the south and we as a media group intend to engage in it in every way we can. #SouthConclave17
194,"1/2 #DelhiSchoolAdmissions : Instead of improving govt schools, more energy is spent on regulating unaided private schools."
196,My condolences to people of TN at loss of #jayalalithaa . It would have been a great privilege if she had been with us at #SouthConclave17
198,"Consequences of 2016, a topsy turvy year, will play out in 2017 and it won't be pretty sight. My letter @IndiaToday 
https://t.co/5iq0go7pN5"
200,RT @salmanmasood: Several politicians saying that this is the first time ever in country's election history that polling agents have been f‚Ä¶
202,@Mahabat99627436 @bainjal Hamesha :)
204,@rupasubramanya @bainjal Exactly! Would be funny except when you pause to consider that this is one of India's most‚Ä¶ https://t.co/V2pbE16bSj
206,@dhanyarajendran @bainjal Dhanya!!!sorry @bainjal can't bear the doublespeak. Everyone has biases and it's a free w‚Ä¶ https://t.co/zEw8hpncO8
208,@India_MH12 @bainjal Sure. Free world. Just don't claim to be a professional politician who believes in free media
210,"I was on @SkyNewsAust with @helen_Dalley to talk about #Electionpakistan2018- Imran Khan, Nawaz Sharif, Hafiz Saeed‚Ä¶ https://t.co/5pNcbBiVe5"
212,RT @tufailelif: ~ @BDUTT: ‚ÄúCow vigilantes‚Äù has become contemporary shorthand for murderous right-wing mobs who kill Muslims simply for bein‚Ä¶
214,As Yogi Adityanath conflates the lives of cows with those of humans being lynched- my Washington Piece asking PM Mo‚Ä¶ https://t.co/3CiZJbRebz
216,@anuraag_saxena @narendramodi @washingtonpost What about the BJP leaders including Ministers who defend the mobs
218,Will @narendramodi do something to stop India's Cow Terrorists from Killing Muslims? In @washingtonpost I say: Quit‚Ä¶ https://t.co/76Am7wqzho
220,"As Pakistan votes, good luck to friends across the border. This time- in a first- no Indians were given visas to  r‚Ä¶ https://t.co/b6l0LyqxOF"
222,@Soni_Razdan Exactly
224,"RT @TheWorldPost: Rahul Gandhi just set himself up as the main contender to take on Modi in next elections. 

How? By hugging him, writes @‚Ä¶"
226,@KarenAttiah When did we part
228,"Politics is not about gobbledygook like love &amp; compassion; politics is not a hallmark card. Rahul Gandhi's 'Hug"" wa‚Ä¶ https://t.co/S6eDPuMvDC"
230,@DEArdeshir @washingtonpost @RahulGandhi You haven't read the piece
232,@powerofyogesh :-))) ha ha
234,@nakalcheebandar @washingtonpost thank you !
236,RT @madhulikasikka: Thank you @BDUTT for providing some context.  All I had seen was the social media explosion! Opinion | Rahul Gandhi hug‚Ä¶
238,@nirav_josh @nippondash @ShekharGupta Disagree. Think it was pure politics
240,@Shubhrastha @washingtonpost Hello dear it's a free world and you are free to disagree or hate what I write :) isi‚Ä¶ https://t.co/WnrmpbhQzc
242,@seagullbooks I love that there are things that are still done quietly. Congratulations
244,Interesting. Sartaj Madni was the one name every PDP rebel has taken as part of the problem of nepotism in the party https://t.co/4TzqE4UZj2
246,@PhotosJunction @FaaizDijoo @shangpal @Nidhi @Touseefraina @AskYousuf @SAAQQIIB @Tahir_A @AartiTikoo @tanvirsadiq‚Ä¶ https://t.co/6Yk11wNPHZ
248,@kaushikcbasu This is brilliant
250,@rraina1481 Thank you sir
252,It's always more than ok and yet #WeTheWomen find that the toughest @WomenDeliver @WeTheWomenAsia‚Ä¶ https://t.co/2ldYFIyEpH
254,An honour to host this all important conversation in Amsterdam on the rights of women and girls at #Aids2018 for‚Ä¶ https://t.co/RsDKQuGdHs
256,#Alwar lynching joins a horrific list of numbers  - and we want to still pretend that these mobs are 'vigilantes' ;‚Ä¶ https://t.co/KoOaE04AOb
258,"On ""Aankh Mein Aankh "" comment by RG @narendramodi lists all those who wouldn't dare including @CitiznMukherjee. As‚Ä¶ https://t.co/hsKd6JopSe"
260,"PM using ""Bachpana"" repeatedly in reply to #NoConfidenceMotion . That seems to be the meta answer to #TheHug by Rahul Gandhi"
262,Unseemly of TDP MPS to shout down PM Modi while he is replying to the debate #NoConfidenceMotion
264,Instead of Nudge Nudge Wink Wink it's now 'Hug-Hug Wink-Wink' !! #RahulKiGandhigiri #TheHug #RahulhugsModi
266,So speaking politically @RahulGandhi just ensured that #TheHug will be the headline everywhere instead of the‚Ä¶ https://t.co/AsURJEfyLM
268,Er. #TheHug  #Gandhigiri #whatjusthappened #NoConfidenceMotion https://t.co/NdwccfrDcH
270,@65thakursahab Was always expected to abstain
272,@sambagai üòé ouch
274,Can't understand the point of this #NoConfidenceMotion : seems to expose all the chinks in opposition armour &amp; stre‚Ä¶ https://t.co/lWPg4qwUcH
276,@nazia_e @ifra_jan @khanamirullah Ok sorry if I misunderstood but there appears a you are with us or against us ton‚Ä¶ https://t.co/QPQDoeVhOM
278,@khanamirullah @nazia_e Sorry I misunderstood. Deleting previous tweet
280,@khanamirullah @nazia_e Huh?
282,@nazia_e @khanamirullah That's not fair. A lot of people who have protested have the opposite ideology
284,"""Fake News &amp;  Paid News."" @rssurjewala on claim that @RahulGandhi said Congress is a party for Muslims. ""Publicatio‚Ä¶ https://t.co/HUO1D3X3bW"
286,@Chikisarkar Yes it is but not by treating Muslims like exotic discoveries and specimens .
288,@ashwin_baindur @AnooBhu @syedtm @iamrana @ReallySwara Sir I have only said 1000 times I agree with the intention not the articulation.
290,So word is @shahfaesal &amp; @Shehla_Rashid to contest the next elections in #Kashmir after formally joining‚Ä¶ https://t.co/wADFZ0Nc6f
292,@AnooBhu @syedtm @iamrana @ReallySwara That doesn't mean non Muslims can't disagree ?
294,@KumarShiwang @AnooBhu @ReallySwara i NEVER said we should ignore. I dont ignore it
296,@OmairTAhmad @ShivAroor Exactly
298,@nazia_e @tanvirsadiq Nopes..please see my tweets.
300,@shahid_siddiqui Exactly my problem with this hashtag
302,@satishkolls @ReallySwara Exactly
304,@zainabsikander I respect your sentiments . Trust me I hear abuse every day on this issue. I just feel uncomfortabl‚Ä¶ https://t.co/3EGFESUsrk
306,@zainabsikander I see you point and hence of course I see the intention. But I just think this doubles down on othe‚Ä¶ https://t.co/wvmjNO3nNd
308,When faith collides with human values &amp; fundamental equality; equality needs to win every single time. That menstru‚Ä¶ https://t.co/guGiqTey7E
310,@SiddharthTrisal Ok stand corrected
312,I guess that's what they call Putin Your Own Country Down #TrumpPutinSummit
314,"RT @dabeard: Here are pictures of the journalists killed under Putin. I‚Äôd like to say the man who represents my nation would denounce that,‚Ä¶"
316,If this image doesn't break your heart and fill you with rage.. what will.. https://t.co/CkrAYPH9p4
318,RT @brainpicker: This Emily Dickinson poem ought to be the Internet's code of conduct. And life's. https://t.co/iw1OSidgIz
320,RT @Ahmed1Hilal: Nikah-Halal is an anti-Islam anti-women patriarchal practice and it must be banned. AIMPLB is not a representative body of‚Ä¶
322,@Vikram_Sood thank you sir
324,@NotSoSickular Yes
326,@sambagai But I am backing Croatia
328,@SandipGhose Why make all that effort ?!!!! Too many contradictions in this narrative
330,Amidst all the speculation around return of election strategist Prashant Kishor to BJP; my sense: not a done deal a‚Ä¶ https://t.co/oZOv1PetZO
332,@hussain_imtiyaz Fully agree .
334,@basharatw Which ?.
336,@SalmanNizami_ Hero ? I don't call anyone a hero !
338,This is very welcome @RahulGandhi : so hope it shall become a template for the party going forward. Because frankly‚Ä¶ https://t.co/wowpHhQEin
340,@neethajohn10 Thanks so much
342,@AmeerTamoorKhan @BeenishSaleem @washingtonpost Thank you
344,@SanjayGVaru @TarekFatah @washingtonpost Are you stupid. I travel virtually every year and report from the ground. It's visa dependent
346,@aktalkies @vickykaushal09 He has been so superb in everything I've seen lately
348,@RajatMadhok :) thanks
350,As #NawazSharif goes to jail along with daughter @MaryamNSharif  here's why his rival @ImranKhanPTI should not be c‚Ä¶ https://t.co/x3FCyMM9MM
352,RT @salmanmasood: Nawaz Sharif and Maryam Nawaz exhibited immense calm and showed great nerves while handing themselves for arrest. It must‚Ä¶
354,@sumankargupta Thanks !
356,@ImranNDar @sajadlone supported to the extent that I thought it was an idea worth trying in a fractured mandate- i‚Ä¶ https://t.co/DiJXft9E6g
358,@ChefKak @htTweets yep- agree
360,@tanvirsadiq @RuhullahMehdi Of course you should..but every party has called the other agents of Delhi. I've grown‚Ä¶ https://t.co/Y8bFqvzNL5
362,"@tanvirsadiq @RuhullahMehdi I dont ""want"" anyone. I was indeed a supporter of the alliance as I thought (mistakenly‚Ä¶ https://t.co/FtgHfnEZB1"
364,RT @ammarawrites: Nawaz Sharif and @MaryamNSharif are now in Lahore. Brave people. #NawazCrackdown #NawazSharifReturns https://t.co/DQ9EOot‚Ä¶
366,RT @TalatHussain12: Geo drops my programme on Lohari gathering and assessment of the size and sentiment of the charged crowd. There was an‚Ä¶
368,@SalmanNizami_ He was a minister in the govt .. and contested elections in 2002. No one said anything then !!!
370,@sanjayuvacha No Sanjay a correction he was a candidate and Yasin malik was his agent
372,Mehbooba Mufti warns of more Salahuddins in Kashmir if the PDP splits. I write in @htTweets on why her 1987 analogy‚Ä¶ https://t.co/3W2flbHTNe
374,@sameeryasir Though they have all said it about each other over the years
376,@SushmaSwaraj @governorswaraj Happy anniversary to both of you best wishes
378,@theRealYLH @BBhuttoZardari They have worked together before when BB was alive and Musharrafs was President. Charter of democracy etc
380,In India what you eat can get you murdered ( Beef); who you have sex can get you jailed (377) - nanny state where o‚Ä¶ https://t.co/RlxWcrvkIZ
382,@pcocomenon @washingtonpost Indeed
384,RT @GulBukhari: Mobile signal &amp; 4G connection gone in Lahore
386,RT @syrinje: Powerful piece by @bdutt in which she thunderstorms down on a spineless polity that refuses to live up to the promise of a dem‚Ä¶
388,@pbhushan1 many thanks Prashant
390,Shameful cowardice of India's Politicians on Gay Rights. Apart from   exceptions- @ShashiTharoor @arunjaitley‚Ä¶ https://t.co/vIIWRzWUDK
392,"RT @PadmaLakshmi: Read this now. @BDUTT shows that in order to call yourself a democracy, you have to act like one. Beautifully written pie‚Ä¶"
394,@PawanDurani well Pawan  a day in the life of a journalist. Besides why take the prize away from someone else :-))‚Ä¶ https://t.co/r2XdjpVLsw
396,What is the point of our democracy if elected lawmakers (minus exceptions) wont grow a spine &amp; wont do their job- w‚Ä¶ https://t.co/gOkqy646VY
398,@PawanDurani @OmarAbdullah @Twitter Let me know the answer too üòéüòçüòòüòÖ
400,"RT @alok_pandey: Been watching all reports by @harsha_ndtv on the Alwar lynching , and must say there is no substitute for years of experie‚Ä¶"
402,RT @soniandtv: Probably the first time Amartya Sen has been told he‚Äôs representing the ‚Äòcorrupt rich‚Äô when he tells Rajiv Kumar of Niti Aay‚Ä¶
404,"RT @sardesairajdeep: When a 80 year old saffron robed Hindu Arya Samaji Swami is attacked by the mob, then all you can ask: who is safe? An‚Ä¶"
406,RT @CMNelsonPhoto: A fence can‚Äôt stop my two-year-old from playing with his new best friend. https://t.co/9QBuaq4Ee2
408,"RT @tavleen_singh: Sickening! Utterly, utterly sickening. https://t.co/iiuSfLqOAh"
410,RT @ProfVarshney: I am unable to watch India's news TV anymore. Most channels parrot the political establishment. But once in a while when‚Ä¶
412,https://t.co/Fqv7uT1JRn
414,RT @JohnnyAmitoj: The Djoker‚Äôs back! https://t.co/qASpByVg2U
416,"RT @arvindsubraman: Does India already have a QUBI, quasi-universal basic income? How Telangana‚Äôs direct benefit transfer scheme with adapt‚Ä¶"
418,RT @priyankachopra: Justice delayed but not denied... the Supreme Court of India sends out a strong signal to perpetrators of these heinous‚Ä¶
420,RT @soniandtv: @anilvv @ndtv Thank you
422,RT @notesfrompoland: Dutch TV interviews Polish academic and former anti-communist activist Jerzy Targalski - but it's his cat that steals‚Ä¶
424,"RT @ReallySwara: Sir, let me get this right- u r honouring the due process of law by garlanding the accused and the convicted guilty. Again‚Ä¶"
426,One headline I dislike - one which we have avoided for many years  - ‚ÄúIndia goes down fighting‚Äù.  You dislike it to‚Ä¶ https://t.co/bdpDcVYNkl
428,RT @KumarShiwang: @theblcksheep It was an investigative story she pointed out that to suggest that all deaths were not suicides.She was hig‚Ä¶
430,"RT @sardesairajdeep: These are the ‚Äòshits‚Äô who exist in the world around us (sorry, don‚Äôt have w better word to describe them) it is our bo‚Ä¶"
432,RT @Abu_Sami68: Really love this @anjileeistwal &amp; @JohnnyAmitoj morning show. They even did the Colombian celebration this morning! Great d‚Ä¶
434,RT @sunetrac: How is it that US CEOs from airbnb to all others are openly criticising Trump on child separation policy but our business lea‚Ä¶
436,"RT @FridaGhitis: Under the orders of armed men, a mother pulls the shoestrings from her daughter's shoes before being dragged away from her‚Ä¶"
438,RT @shivithukral: Saturday old book discoveries at home threw up this gem although I yearn for truly well written stories &amp; not shouting bo‚Ä¶
440,RT @Nidhi: Armchair patriots don‚Äôt know what it‚Äôs like for so many journalists reporting on the ground in Kashmir. The kind of pressures th‚Ä¶
442,@manishanataraj üôèüèΩ
444,"RT @SwatiWild: My blog on #WorldOceansDay , https://t.co/FTlGeRlkOf @GargiRawat @anishandheria @prernabindra @deespeak @BittuSahgal @Pranno‚Ä¶"
446,The ‚Äúsomething‚Äù is Dhoni. Right? https://t.co/1QNBaXpwIQ
448,"RT @ShoaibDaniyal: Yesterday, in West UP's Shamli district, 2 Jat farmers randomly broke into a two-minute speech about how excellent Ravis‚Ä¶"
450,RT @JohnnyAmitoj: Bring on your death threats https://t.co/jT7BzgMBw4
452,"RT @Ram_Guha: Delighted and honoured that @guardian has chosen ""A Corner of a Foreign Field"" as one of the ten best cricket books ever writ‚Ä¶"
454,RT @AzmiShabana: By far the best of the best.Salgirah mubarak @sardesairajdeep Jeete raho khush raho. Bahut saara pyar https://t.co/3mkR5lj‚Ä¶
456,RT @sagarikaghose: The shocking hounding of @RanaAyyub and so many women journalists in India these days #TrollSangh https://t.co/sayGymQfdW
458,"RT @Suparna_Singh: India For Sale? What Karnataka Has Flagged For Us- blog by election guru Dorab Sopariwala. 
https://t.co/KhHA0GVZVC"
460,"RT @SudheenKulkarni: On @ndtv debate on #Karnataka I said:

#SupremeCourt saved Indian democracy from a scandalous assault. But we cannot a‚Ä¶"
462,"RT @umasudhir: In exclusive interview to @ndtv aboard bus carrying #KarnatakaCongress MLAs to #Hyderabad, @DKShivakumar tells @ndtv #BJP is‚Ä¶"
464,Sinking into Authoritarianism https://t.co/tcmEqTPSec
466,RT @derekobrienmp: #BestBengal https://t.co/fnoH2GTESF
468,RT @LinahAlsaafin: The Onion is on a roll https://t.co/B6ci8loedZ
470,"Thank you once again from the bottom of my heart, Amitabh @srbachchan, for your commitment to #SwachhIndia and NDTV‚Ä¶ https://t.co/7zmjuoVzRn"
472,"RT @pressfreedom: #MostRead this week: People need to know why our journalists were arrested in #Myanmar, Reuters tells CPJ https://t.co/s7‚Ä¶"
474,RT @Suparna_Singh: Poll of exit polls - aggregate of all - at 6.30 pm on @ndtv with @SreenivasanJain   Watch on air or on our app #karnatak‚Ä¶
476,"RT @vikramchandra: Amitabh Bachchan Launches Season 5 Of Banega Swachh India
https://t.co/Pd2oAzonH0"
478,Appeal to our viewers to help finance this child‚Äôs education  üôèüèΩüôèüèΩüôèüèΩüôèüèΩüôèüèΩ https://t.co/JoiQ2QHCsI
480,"RT @RanaAyyub: Last ten days have been a nightmare, a living hell. The support from various national &amp; international human rights, journali‚Ä¶"
482,"RT @pressfreedom: ""Police in #NewDelhi need to take the online attacks and threats against Rana Ayyub seriously and take swift action to pr‚Ä¶"
484,RT @menakadoshi: Interesting that FT lists Raghuram Rajan as a potential contender for the top job at Bank of England. https://t.co/dgbnigk‚Ä¶
486,"RT @Olacabs: @Abhishek_Mshra Ola, like our country, is a secular platform, and we don't discriminate our driver partners or customers basis‚Ä¶"
488,RT @SreenivasanJain: Congratulations @ShekharGupta and the new team. Much overdue strengthening of self regulatory media bodies. https://t.‚Ä¶
490,RT @Suparna_Singh: And it begins. The #NDTVTechConclave - watch live. All day on @ndtv and our app. With @vikramchandra and @RajivMakhni ht‚Ä¶
492,RT @TomZohar: Love spending a relaxing Sunday curled up with a good book as it sits next to me untouched while I scroll through twitter for‚Ä¶
494,RT @ndtv: Want to work on elections with @PrannoyRoyNDTV? https://t.co/8a671zU9uq
496,RT @Suparna_Singh: online as youngest and most democratic form of media must be allowed 1) the chance to self-regulate 2) fair representati‚Ä¶
498,RT @ShekharGupta: Make no mistake: this is a breathtaking assault on mainstream media. It‚Äôs a moment like Rajiv Gandhi‚Äôs anti-defamation bi‚Ä¶
500,RT @free_thinker: Fervent appeals to trend #ReleaseMaheshHegde on BJP WhatsApp Groups in support of @postcard_news founder @mvmeet https://‚Ä¶
502,RT @ShekharGupta: This seems unprecedented. UN Secretary General says he is ‚Äúconcerned‚Äù about death of two Indian journalists in Bihar &amp; MP‚Ä¶
504,RT @divyanganasingh: On World TB Day let's pause to remember those who lost the battle to TB. 1300 continue to die everyday in India. It ca‚Ä¶
506,RT @Shakir_qatar: @PrannoyRoyNDTV when all others channels are looking towards loose cannons of political parties for hot topics. SARAH JAC‚Ä¶
508,"RT @soniandtv: Been a good year so far,first  'Best Channel of the Year'  &amp; now this one üôè #TrustisEarned https://t.co/qPyyRZ9hIa"
510,RT @bhogleharsha: Brilliant century from @ABdeVilliers17. And gets there with an upper cut! I don't think there is a cricket lover in the w‚Ä¶
512,"RT @Suparna_Singh: And @ndtv is most-read for news, once again. Thank you.  I‚Äôll take this start to the week! https://t.co/QXSMwyNjQO"
514,RT @ndtv: We at NDTV lost a dear colleague. Our thoughts and prayers are with his family https://t.co/sc6cT7OZtS
516,RT @drharshvardhan: Today is #WorldWildlifeDay - to celebrate &amp; raise awareness of world‚Äôs wild animals &amp; plants. This year‚Äôs theme is- #Bi‚Ä¶
518,"‚ÄúIn India, Narendra Modi‚Äôs government has launched a highly questionable fraud and money laundering case against ND‚Ä¶ https://t.co/kJUPOxxIWD"
520,"RT @anniegowen: ‚ÄúTrump‚Äôs company is literally selling access to the president‚Äôs son overseas."" Trump Jr. heads to India, mixing business an‚Ä¶"
522,"RT @ndtv: India‚Äôs best English News Channel, NDTV 24x7, has a brand new primetime line-up, starting today

Watch live here https://t.co/hMl‚Ä¶"
524,"RT @jigneshmevani80: Is this a way to detain an elected MLA ? If a legislator is in this condition, then think about any dalit's situation‚Ä¶"
526,RT @aljwhite: This is one of the most terrifying things I‚Äôve seen in all my life https://t.co/Yp9xlhdKC9
528,RT @Suparna_Singh: Read @PrannoyRoyNDTV letter to @PMOIndia here.  Sent today. https://t.co/7CmsznSfdG
530,"RT @karunanundy: In complete solidarity with @sagarikaghose and @sardesairajdeep , the viciousness of many bhakts is unprecedented in India‚Ä¶"
532,"RT @ndtv: NDTV 24X7 wins Best English News Channel at ENBA Awards  

#TrustIsEarned https://t.co/JFJw3qNMyE"
534,"RT @SudheenKulkarni: 'PM #Modi Needs Education On #Patel, #Partition And #Kashmir'

My article on @ndtv.

I welcome #BJP and Sangh... https‚Ä¶"
536,"RT @free_thinker: Prashant P. Umrao: Unmasking a one-man hate factory

https://t.co/y36C79aP97"
538,"RT @ashwinravi99: Public figures will endure hatred on social media, and there will be ppl who won't like me and criticise me, but one thin‚Ä¶"
540,RT @AunindyoC: No.1 where it matters. https://t.co/guWr9D6LLr
542,"RT @Suparna_Singh: Dorab Sopariwala ends #budget18 coverage with @PrannoyRoyNDTV with this sobering point:  ‚Äúwithout education and jobs, th‚Ä¶"
544,"RT @dhume: If you‚Äôre a @madhukishwar fan like me, you will appreciate this lovingly compiled collection of her greatest hits. v @samjawed65‚Ä¶"
546,"RT @arvindsubraman: It‚Äôs THAT time of the year. Coming Monday, January 29 afternoon, this year‚Äôs Economic Survey of India to be tabled in p‚Ä¶"
548,"RT @kiranshaw: ""Darwin Wrong, Nobody Saw Ape Turn Into Human"": Junior Education Minister - this is not just an embarrassment but an insult‚Ä¶"
550,RT @ShekharGupta: EC‚Äôs move on AAP MLAs‚Äô disqualification is inexplicable &amp; made in a haste bordering on the obscene. Even if it‚Äôs a gift t‚Ä¶
552,RT @soniandtv: This tweet made my morning https://t.co/l24Cuin2Nf
554,RT @Suparna_Singh: https://t.co/mJWD9pc9h9
556,RT @JohnnyAmitoj: More than 35 people died. https://t.co/lBmHZaTkuU
558,RT @anandmahindra: This is the India I can‚Äôt understand. The India of the new Rakshasas: ‚ÄòTrollakshasas‚Äô An India that keeps dividing itsel‚Ä¶
560,RT @baxiabhishek: The #TrustIsEarned campaign by NDTV gives goosebumps... Exemplary showcases of journalism (a relic of the past?). Thank y‚Ä¶
562,RT @Nidhi: The documentary shown in this clip from POK was runner up at the Asian TV awards. I was also blacklisted from Pakistan for many‚Ä¶
564,"RT @ndtv: Journalism for social change: Our #NoVIP Campaign

#TrustIsEarned https://t.co/oE2T9kJzta"
566,"RT @ndtv: Journalism without fear: Reporting from the frontline - our #HamasExpose

#TrustIsEarned https://t.co/1kMEqD0RBA"
568,RT @soniandtv: #TrustIsEarned https://t.co/r7ahZQdWpI
570,RT @amitabhk87: Amazing! With 150 cr gigabytes per month of mobile data consumption India is now world‚Äôs no 1 mobile data consuming country‚Ä¶
572,"RT @ndtv: Journalism in line of fire: Reporting from Panchkula - violence after Ram Rahim rape verdict

#TrustIsEarned https://t.co/73FklQQ‚Ä¶"
574,"RT @ndtv: Journalism in national interest: NDTV asks honest questions that reveal the truth #AgraTalks 

#TrustIsEarned https://t.co/0AovGu‚Ä¶"
576,"RT @ndtv: Journalism for Tomorrow: NDTV's campaign to protect the future of our national animal - Save Our Tigers
 
#TrustIsEarned https://‚Ä¶"
578,RT @dikshabasu: my father @kaushikcbasu has taught me not to praise a loved one in public but today everyone else did it for me (and I'm we‚Ä¶
580,"RT @Ram_Guha: Jawaharlal Nehru, 2 October 1951 (Gandhi Jayanti):  ""If any person raises his hand to strike down another on the ground of re‚Ä¶"
582,RT @sidpatankar: Getting ready! Big day! SVP #cnbawards #BIC https://t.co/NK3cmPcqkP
584,RT @ndtv: Told PM Narendra Modi privately that country shouldn't be divided on religious lines: Barack Obama https://t.co/mTH9Ula4N2 https:‚Ä¶
586,RT @bhogleharsha: 300 wickets in 54 tests is a colossal achievement for @ashwinravi99. It makes him worthy of being called a modern great.
588,RT @kiranshaw: Tks for your kind words @SadhguruJV https://t.co/q3MmhuPbgN
590,"RT @sidpatankar: ""War"" against NDTV group motivated because of Gujarat 2002 riots coverage: Journalist N Ram https://t.co/TJsGOdnMqC"
592,"RT @Sonal_MK: No NE, Don‚Äôt Worry! Sans editor, sans writer.... Woman power rocking back-to-back morning bulletins on NDTV24X7  #JournoDiari‚Ä¶"
594,"RT @CatchNews: Ganesh Saili offers insights into the region, its history, the resilience and sheer simplicity of its people https://t.co/TE‚Ä¶"
596,RT @kiranshaw: Why were A/c hospitals not spared the 28% GST axe?  Shows how low priority healthcare is in our country @arunjaitley
598,"RT @Suparna_Singh: Strongest Q2 ever from @NDTV Convergence, record revenue streak continues https://t.co/okNxnkzRA4"
600,"‡§∏‡•Å‡§™‡§∞ 30 ‡§Æ‡§æ‡§Æ‡§≤‡•á ‡§Æ‡•á‡§Ç ‡§Ü‡§ú ‡§¶‡§æ‡§Ø‡§∞ ‡§π‡•ã‡§ó‡•Ä ‡§ú‡§®‡§π‡§ø‡§§ ‡§Ø‡§æ‡§ö‡§ø‡§ï‡§æ, ‡§¨‡§ø‡§π‡§æ‡§∞ ‡§∏‡§∞‡§ï‡§æ‡§∞ ‡§ï‡•ã ‡§≠‡•Ä ‡§¨‡§®‡§æ‡§Ø‡§æ ‡§™‡§æ‡§∞‡•ç‡§ü‡•Ä  https://t.co/tzxKKYupwQ"
602,"RT @IndiaToday: A poem in stone that once fulfilled an emperor's fantasy of love, glory &amp; magnificence is fighting a battle for survival in‚Ä¶"
604,"Three exposes that shook up three sessions of Parliament. Real reportage, real impact. None of India‚Äôs news factori‚Ä¶ https://t.co/OSmCbEVBQq"
606,https://t.co/91zxUMWrQK
608,"‡§ó‡•Å‡§∏‡•ç‡§∏‡•á ‡§µ‡§æ‡§≤‡•á ‡§π‡§®‡•Å‡§Æ‡§æ‡§®' ‡§ï‡•á ‡§¨‡§æ‡§¶ ‡§Ö‡§¨ '‡§¶‡§æ‡§¢‡§º‡•Ä ‡§µ‡§æ‡§≤‡•á ‡§∞‡§æ‡§Æ'

https://t.co/4w0WDkurHr

@kunduchayan @aajtak"
610,I love stories where hope wins. A rag picker‚Äôs son in MP cracked the AIIMS test in his first attempt. @delayedjab r‚Ä¶ https://t.co/7uYZW8B5MF
612,For those wondering why @narendramodi is focusing so much on @INCIndia ‚Äî @BJP4India hope is to turn 2019 into a con‚Ä¶ https://t.co/RiwOnjijl9
614,Now @ianuragthakur also also quotes @IndiaToday interview with @EmmanuelMacron Alleges @RahulGandhi lied to the nat‚Ä¶ https://t.co/smvjH61CvQ
616,Pop quiz: ‚ÄòPappu‚Äô pass ho gaya? Earthquake aaya?
618,The wink after the hug. A debater pleased with his stunt. https://t.co/VZUxrpVf7c
620,Now @nsitharaman refers to @IndiaToday interview with @EmmanuelMacron while replying to @RahulGandhi charges about‚Ä¶ https://t.co/chCVrFIuhi
622,"@waglenikhil Dude I‚Äôm doing my job. If you were slightly less biased, you would too. But that‚Äôs probably too much to expect from you."
624,Amazing use of drone technology. Drone helps find a climber presumed dead on world's 12th largest mountain.‚Ä¶ https://t.co/ANK0XHlTNx
626,Splash in @mail_today this morning. Sister and lawyer of Augusta middleman Christen Michel allege he‚Äôs being put un‚Ä¶ https://t.co/iFu5YAftNz
628,"RT @MunnishPuri: You are one of the most courteous TV Anchors, @rahulkanwal It‚Äôs a tremendously powerful trait! ‚ú® @IndiaToday #GlobalTVAnch‚Ä¶"
630,"RT @IndiaToday: The investigative agencies have not been able to achieve anything, says @ShivAroor on biggest Agusta twist
#NEWSROOM 
Live:‚Ä¶"
632,RT @IndiaToday: Middleman Christian Michel's sister drops 'Sonia bomb' in Agusta scam case. Watch #NEWSROOM debate with @rahulkanwa‚Ä¶ https:‚Ä¶
634,"In the midst of the doom and gloom in Kashmir, a heartwarming story of a wheelchair bound basketball team. Salute t‚Ä¶ https://t.co/a5pRVV1Ev7"
636,Link to the @IndiaToday story on the twist in the Augusta Westland Scam. https://t.co/5NAnAR3umU Christen Michel‚Äôs‚Ä¶ https://t.co/GEf8XGTZLa
638,‡§µ‡§æ‡§Ø‡§∞‡§≤ ‡§ü‡•á‡§∏‡•ç‡§ü: ‡§≠‡§ó‡§µ‡§æ‡§® ‡§ú‡§ó‡§®‡•ç‡§®‡§æ‡§• ‡§ï‡•Ä ‡§∞‡§•‡§Ø‡§æ‡§§‡•ç‡§∞‡§æ ‡§ï‡•ã ‡§≤‡•á‡§ï‡§∞ ‡§ó‡§≤‡§§‡•Ä ‡§™‡§∞ ‡§ï‡§æ‡§Ç‡§ó‡•ç‡§∞‡•á‡§∏ ‡§ï‡•Ä ‡§ï‡§ø‡§∞‡§ï‡§ø‡§∞‡•Ä - https://t.co/DsfftEudNp @aajtak
640,"In the midst of all the gloom &amp; doom that envelops Kashmir, very glad that @IndiaToday correspondent @ShujaUH keeps‚Ä¶ https://t.co/zPXkuObYpr"
642,"‡§µ‡§∏‡•Å‡§Ç‡§ß‡§∞‡§æ ‡§∏‡§∞‡§ï‡§æ‡§∞ ‡§ï‡•ã ‡§Ü‡§¨‡§æ‡§¶‡•Ä ‡§ò‡§ü‡§®‡•á ‡§ï‡§æ ‡§°‡§∞, ‡§Ö‡§¨ 2 ‡§¨‡§ö‡•ç‡§ö‡•á ‡§®‡§π‡•Ä‡§Ç ‡§∞‡§π‡•á ‡§Ö‡§ö‡•ç‡§õ‡•á   https://t.co/wcxjTUjB0J @aajtak"
644,"‡§™‡§∂‡•ç‡§ö‡§ø‡§Æ ‡§¨‡§Ç‡§ó‡§æ‡§≤ ‡§∏‡§ø‡§Ç‡§°‡•Ä‡§ï‡•á‡§ü ‡§∞‡§æ‡§ú :  TMC ‡§®‡•á‡§§‡§æ‡§ì‡§Ç ‡§®‡•á ‡§ï‡•à‡§Æ‡§∞‡•á ‡§™‡§∞ ‡§ï‡§¨‡•Ç‡§≤‡§æ, ‚Äò‡§µ‡§∏‡•Ç‡§≤‡•Ä ‡§ï‡•á ‡§™‡•à‡§∏‡•á ‡§ï‡§æ 75% ‡§™‡§æ‡§∞‡•ç‡§ü‡•Ä ‡§´‡§Ç‡§° ‡§Æ‡•á‡§Ç ‡§ú‡§Æ‡§æ ‡§ï‡§∞‡§æ‡§®‡•á ‡§ï‡§æ ‡§π‡•à ‡§´‡§∞‚Ä¶ https://t.co/XSqwzeXyiJ"
646,"RT @IndiaToday: TMC leaders caught on camera asking for money. Watch this report by @iindrojit 
#NEWSROOM
Watch LIVE at https://t.co/4fqxBV‚Ä¶"
648,"RT @IndiaToday: US designated terrorist backs Imran Khan's PTI. Watch this report!
#NEWSROOM
Watch LIVE at https://t.co/4fqxBVUizL https://‚Ä¶"
650,Coming up at 10:30 pm on @IndiaToday Senior Jharkhand Minister accuses Swami Agnivesh of staging his own thrashing‚Ä¶ https://t.co/pUOX86jD5s
652,Getting set for the Newsroom. @indiatoday https://t.co/H7VeQE52nG
654,#OperationVitaminC impact. CEO of MSY Medical College in UP‚Äôs Meerut is fired after being exposed by @IndiaToday SI‚Ä¶ https://t.co/CRemLiVBIo
656,"RT @iamrana: Just finished a show on #SaveTheTaj campaign started by @IndiaToday 
Excellent initiative and discussion.
It was live so hopef‚Ä¶"
658,There are things I don‚Äôt understand. Healthcare in Bihar is abysmal. If there is a proposal to set up a new AIIMS i‚Ä¶ https://t.co/ojaMxipRgK
660,Activists rue proposed amendments in the RTI Act. @Rahulshrivstv has the details. https://t.co/hSAHmqeKPx @IndiaToday
662,Splash in @mail_today this morning. @IndiaToday expose #OperationVitaminC The big medical college admission scam. H‚Ä¶ https://t.co/wA3sTQLr9r
664,"RT @IndiaToday: India Today exposes corruption in medical colleges. Watch the  #NEWSROOM with @RahulKanwal.
#OperationVitaminC
Watch the fu‚Ä¶"
666,RT @IndiaToday: Will a new law be enough to stop incidents of lynching?  Watch #NEWSROOM with @rahulkanwal  #ITLivestream https://t.co/xtjZ‚Ä¶
668,Didn‚Äôt get enough marks to qualify through the NEET exam? Pop some Vitamin C say medical colleges. @IndiaToday expo‚Ä¶ https://t.co/TtIdzZYI6a
670,The @IndiaToday SIT is back with a powerful expose on how medical colleges are violating NEET norms by demanding he‚Ä¶ https://t.co/6p7ji5aDGG
672,He crossed the Line of Control to become a terrorist. He‚Äôs ended up on Coke Studio. @ashraf_wani reports from the v‚Ä¶ https://t.co/o5tq0eUZZ6
674,"‡§®‡•ã‡§ü‡§¨‡§Ç‡§¶‡•Ä ‡§Æ‡•á‡§Ç ‡§ï‡§∞‡•ç‡§Æ‡§ö‡§æ‡§∞‡§ø‡§Ø‡•ã‡§Ç ‡§∏‡•á ‡§ú‡§Æ‡§ï‡§∞ ‡§ï‡§∞‡§æ‡§Ø‡§æ ‡§•‡§æ ‡§ï‡§æ‡§Æ, ‡§Ö‡§¨ SBI ‡§µ‡§æ‡§™‡§∏ ‡§Æ‡§æ‡§Ç‡§ó ‡§∞‡§π‡•Ä ‡§ì‡§µ‡§∞‡§ü‡§æ‡§á‡§Æ ‡§ï‡§æ ‡§™‡•à‡§∏‡§æ

https://t.co/riHBy7Y5iO

@Rahulshrivstv @aajtak"
676,"RT @IndiaToday: All out war over 'Muslim Dhari' RaGa. But did @RahulGandhi actually say that Congress is a Muslim party? @amitmalviya, @pri‚Ä¶"
678,"BSP ‡§ï‡§æ ‡§¶‡§æ‡§Ç‡§µ- ‡§™‡§æ‡§∞‡•ç‡§ü‡•Ä ‡§®‡•á ‡§≤‡§ø‡§Ø‡§æ 2019 ‡§Æ‡•á‡§Ç ‡§Æ‡§æ‡§Ø‡§æ‡§µ‡§§‡•Ä ‡§ï‡•ã ‡§™‡•Ä‡§è‡§Æ ‡§¨‡§®‡§æ‡§®‡•á ‡§ï‡§æ ‡§∏‡§Ç‡§ï‡§≤‡•ç‡§™
https://t.co/9TxKMzN7yA
@abhishek6164"
680,Here‚Äôs the link to Sanjay Dutt‚Äôs first interview on all the controversies around his biopic Sanju where he hits bac‚Ä¶ https://t.co/qnRK8Nub7b
682,‡§µ‡§æ‡§Ø‡§∞‡§≤ ‡§ü‡•á‡§∏‡•ç‡§ü: ‡§ï‡•ç‡§Ø‡§æ ‡§π‡•à ‡§ï‡§ø‡§∏‡§æ‡§®‡•ã‡§Ç ‡§™‡§∞ ‡§´‡§æ‡§Ø‡§∞ ‡§ï‡§∞‡§§‡•Ä ‡§™‡•Å‡§≤‡§ø‡§∏ ‡§ï‡•á ‡§µ‡•Ä‡§°‡§ø‡§Ø‡•ã ‡§ï‡•Ä ‡§∏‡§ö‡•ç‡§ö‡§æ‡§à. https://t.co/jFwBfvHeF3 ‡§∏‡•ã‡§∂‡§≤ ‡§Æ‡•Ä‡§°‡§ø‡§Ø‡§æ ‡§™‡§∞ ‡§è‡§ï ‡§µ‡•Ä‡§°‡§ø‚Ä¶ https://t.co/uYAMkoouRM
684,So which Indian neta lost how many followers after @Twitter started its big purge. https://t.co/ZHUwUPb6A7 https://t.co/mdKlKL8m4m
686,"RT @IndiaToday: .@RehamKhan1: Imran had an affair with a 70s Bollywood superstar
#NEWSROOM 
Live: https://t.co/4fqxBVUizL https://t.co/GZt1‚Ä¶"
688,"RT @IndiaToday: Imran had sexual relations with other men, says @RehamKhan1 
#NEWSROOM 
Live: https://t.co/4fqxBVUizL https://t.co/ypbdXAf6‚Ä¶"
690,Is poll strategist Prashant Kishore back with the BJP? Here @meetujain has pulled out details of how he‚Äôs been meet‚Ä¶ https://t.co/IGl3Y5EBNz
692,"RT @IndiaToday: Former wife Reham Khan's revelations stump Imran Khan
Watch the #Exclusive interview on #NEWSROOM 
Live: https://t.co/4fqxB‚Ä¶"
694,"RT @IndiaToday: #NEWSROOM Love him or hate him, Sanjay Duitt is ubiquitous in India's heart and mind. Watch him open his heart in a talk wi‚Ä¶"
696,"‡§ú‡§æ‡§ï‡§ø‡§∞ ‡§®‡§æ‡§à‡§ï ‡§™‡§∞ ‡§Æ‡§≤‡•á‡§∂‡§ø‡§Ø‡§æ ‡§∏‡§∞‡§ï‡§æ‡§∞ ‡§Æ‡•á‡§Ç ‡§´‡•Ç‡§ü, ‡§ï‡•à‡§¨‡§ø‡§®‡•á‡§ü ‡§Æ‡§Ç‡§§‡•ç‡§∞‡•Ä ‡§¨‡•ã‡§≤‡•á ‡§á‡§∏‡•á ‡§≠‡§æ‡§∞‡§§ ‡§ï‡•ç‡§Ø‡•ã‡§Ç ‡§®‡§π‡•Ä‡§Ç ‡§≠‡•á‡§ú‡§§‡•á
https://t.co/Z1FVve7TO1
@Geeta_Mohan"
698,Double agent who aided in¬†terror strike on Nagrota Camp in Jammu was lavished with rewards https://t.co/2EchiNDkJ8 @kamaljitsandhu
700,"‚Äò‡§Æ‡§ø‡§∂‡§®‡§∞‡•Ä‡§ú ‡§ë‡§´ ‡§ö‡•à‡§∞‡§ø‡§ü‡•Ä‚Äô ‡§Æ‡•á‡§Ç ‡§¢‡§Ç‡§ó ‡§∏‡•á ‡§®‡§π‡•Ä‡§Ç ‡§∞‡§ñ‡§æ ‡§ó‡§Ø‡§æ ‡§∞‡§ø‡§ï‡•â‡§∞‡•ç‡§°, ‡§ú‡§®‡•ç‡§Æ‡•á 110 ‡§¨‡§ö‡•ç‡§ö‡•ã‡§Ç ‡§Æ‡•á‡§Ç ‡§∏‡•á 52 ‡§ï‡•Ä ‡§π‡•Ä ‡§¶‡•Ä ‡§∏‡•Ç‡§ö‡§®‡§æ

https://t.co/jSIfaMqE3Q

@Iindrojit"
702,"RT @IndiaToday: Ranbir is a very fine actor and the way he has portrayed the character is unbelievable: @duttsanjay tells @rahulkanwal 
#NE‚Ä¶"
704,"RT @IndiaToday: The real 'Sanju' breaks his silence, in an explosive interview with @rahulkanwal. #NEWSROOM #ITLivestream https://t.co/vnd4‚Ä¶"
706,"‚Äò‡§Æ‡§ø‡§∂‡§®‡§∞‡•Ä‡§ú ‡§ë‡§´ ‡§ö‡•à‡§∞‡§ø‡§ü‡•Ä‚Äô ‡§Æ‡•á‡§Ç ‡§¢‡§Ç‡§ó ‡§∏‡•á ‡§®‡§π‡•Ä‡§Ç ‡§∞‡§ñ‡§æ ‡§ó‡§Ø‡§æ ‡§∞‡§ø‡§ï‡•â‡§∞‡•ç‡§°, ‡§ú‡§®‡•ç‡§Æ‡•á 110 ‡§¨‡§ö‡•ç‡§ö‡•ã‡§Ç ‡§Æ‡•á‡§Ç ‡§∏‡•á 52 ‡§ï‡•Ä ‡§π‡•Ä ‡§¶‡•Ä ‡§∏‡•Ç‡§ö‡§®‡§æ

https://t.co/jSIfaMqE3Q

@Iindrojit"
708,"RT @Showbiz_IT: #SanjayDutt tells @rahulkanwal that #Sanju does not whitewash his image: I have told the truth, India has accepted it | htt‚Ä¶"
710,If you ask me so many questions about my past life I will start crying says Sanjay Dutt. There are few stars who‚Äôs‚Ä¶ https://t.co/q3wrE8Xy2P
712,MN Singh is a renowned police officer. I‚Äôm surprised he would make a foolish statement like this hollers Sanjay Dut‚Ä¶ https://t.co/zafxu0FdMh
714,I‚Äôm very likeable says Sanjay Dutt when I ask him if Sanju is an attempt to portray Sanjay Dutt in favourable light‚Ä¶ https://t.co/OsRFU6AW2u
716,Sanjay Dutt takes a pot shot at Ranbir Kapoor for claiming that he‚Äôs dated only 10 girls. ‚ÄòRanbir‚Äôs score is a lot‚Ä¶ https://t.co/76uzHeUR1f
718,"‡§á‡§∏ ‡§°‡•â‡§ï‡•ç‡§ü‡§∞ ‡§ï‡•Ä ‡§ú‡§æ‡§Ç‡§ö ‡§∏‡•á ‡§Æ‡§ø‡§≤‡•á ‡§•‡•á ‚Äò‡§Æ‡§ø‡§∂‡§®‡§∞‡•Ä‡§ú ‡§ë‡§´ ‡§ö‡•à‡§∞‡§ø‡§ü‡•Ä‚Äô ‡§∏‡•á ‡§ú‡•Å‡§°‡§º‡•Ä ‡§∏‡§Ç‡§∏‡•ç‡§•‡§æ ‡§Æ‡•á‡§Ç ‡§ó‡§°‡§º‡§¨‡§°‡§º‡•Ä ‡§ï‡•á ‡§∏‡§Ç‡§ï‡•á‡§§, ‡§â‡§≤‡•ç‡§ü‡•á ‡§Æ‡§ø‡§≤‡•Ä ‡§∏‡§ú‡§æ

https://t.co/Aca8XgVaqv

@Iindrojit"
720,There‚Äôs a video going viral which suggests that the Communist government in Kerala is razing Hindu temples.‚Ä¶ https://t.co/oXJqoZ0NCP
722,"RT @IndiaToday: #BabiesOnSale scandal just got bigger. Watch this report by @iindrojit and Dharamveer Sinha
#NEWSROOM
Watch LIVE at https:/‚Ä¶"
724,RT @IndiaToday: How were babies being sold at Mother Teresa's charity? Watch #NEWSROOM with @rahulkanwal. #ITLivestream https://t.co/n6yQLC‚Ä¶
726,"As the child selling racket at the Missionaries of Charity explodes, we ask is there a need for a deeper probe agai‚Ä¶ https://t.co/zfANHg0UeT"
728,"Doff my dry hat to our fabulous reporting team in Mumbai. Braving the heavy rain, reporting on all the mayhem, whil‚Ä¶ https://t.co/3KxjVEYmUT"
730,"RT @IndiaToday: India Today exposes clerics in UP, Delhi
Muslim clerics, scholars offer one night stands, charge 20,000-1 lakh for nikah ha‚Ä¶"
732,"‡§™‡§∞‡•ç‡§Ø‡§æ‡§µ‡§∞‡§£ ‡§∏‡•Å‡§∞‡§ï‡•ç‡§∑‡§æ ‡§ï‡•Ä ‡§∞‡§°‡§æ‡§∞ ‡§™‡§∞ ‡§Ö‡§≠‡§ø‡§®‡•á‡§§‡§æ ‡§∏‡§≤‡§Æ‡§æ‡§® ‡§ñ‡§æ‡§® ‡§ï‡§æ ‡§´‡§æ‡§∞‡•ç‡§Æ ‡§π‡§æ‡§â‡§∏

https://t.co/14kd6etd5v

@mustafashk

@kamleshsutar @aajtak"
734,RT @aajtak: ‡§Ü‡§ú‡§§‡§ï ‡§™‡§π‡§≤‡§æ ‡§≠‡§æ‡§∞‡§§‡•Ä‡§Ø ‡§ö‡•à‡§®‡§≤ ‡§π‡•à ‡§ú‡•ã ‡§•‡§æ‡§à‡§≤‡•à‡§Ç‡§° ‡§ï‡•á ‡§ö‡§ø‡§Ü‡§Ç‡§ó ‡§∞‡§æ‡§Ø ‡§™‡•ç‡§∞‡§æ‡§Ç‡§§ ‡§™‡§π‡•Å‡§Ç‡§ö‡§æ ‡§π‡•à ‡§ú‡§π‡§æ‡§Ç ‡§•‡§æ‡§Æ ‡§≤‡•Å‡§Ü‡§Ç‡§ó ‡§ó‡•Å‡§´‡§æ ‡§Æ‡•á‡§Ç 12 ‡§¨‡§ö‡•ç‡§ö‡•á ‡§î‡§∞ ‡§â‡§®‡§ï‡•á ‡§´‡•Å‡§ü‡§¨‡•â‡§≤ ‡§ï‡•ã‡§ö ‡§´‡§Ç‡§∏‡•á ‡§π‡•Å‡§è‚Ä¶
736,On Newsroom at 10 pm an @IndiaToday SIT expose on former Ranji trophy platers who are running an illegal immigratio‚Ä¶ https://t.co/rRmwNljCoD
738,A group of Muslins were protesting against harassment but the video was sliced in a way to make it seem that they w‚Ä¶ https://t.co/JSHPErnNmm
740,Yesterday some of our competitors were screaming that Zakir Naik had been caught and was being sent back to India.‚Ä¶ https://t.co/rfRbuu1PnN
742,Pathetic. @IndiaToday Pakistan correspondent @hamzaameer74 writes about how terror mastermind Hafiz Saeed has a fre‚Ä¶ https://t.co/W8pCmcHi58
744,"RT @IndiaToday: Whatsapp announces steps to fight the menace of fake news, but will it be enough? @DilliDurAst, @nixxin, Jiten Jain &amp; @vini‚Ä¶"
746,"RT @IndiaToday: Why is the Ganga dirtier than ever before? 
Watch #NEWSROOM with @rahulkanwal https://t.co/8ADE1B5Ntg"
748,"Exclusive: ‡§°‡•Ç‡§¨ ‡§∞‡§π‡§æ ‚Äò‡§®‡§Æ‡§æ‡§Æ‡§ø ‡§ó‡§Ç‡§ó‡•á‚Äô, ‚Äò‡§™‡§µ‡§ø‡§§‡•ç‡§∞‚Äô ‡§®‡§¶‡•Ä ‡§ï‡•ã ‡§ú‡§π‡§∞‡•Ä‡§≤‡•á ‡§ï‡§ö‡§∞‡•á ‡§∏‡•á ‡§Æ‡•Å‡§ï‡•ç‡§§‡§ø ‡§®‡§π‡•Ä‡§Ç

https://t.co/funNt3UqAN

@ashoupadhyay"
750,"Govt finally wakes up to the menace of mob lynchings sparked by fake news on @WhatsApp @rsprasad talks tough, asks‚Ä¶ https://t.co/5vMnk08Xx5"
752,"RT @IndiaToday: #SushmaVsTrolls
We need to look at cyber norms being modified, that is the only solution: @ShainaNC 
#NEWSROOM 
Watch LIVE‚Ä¶"
754,Cleaning the Ganga is a pet project for the Govt. Thousands of crores of rupees have been spent. We put in a RTI to‚Ä¶ https://t.co/XbgNIEFYhZ
756,RT @DailyO_: We've all been #ChandNawabs: A TV reporter's real-time goofs and gaffes | @mausamii2u | https://t.co/Tnj9O3N2lI https://t.co/6‚Ä¶
758,Say it like it is. Lynchistan. Fixing fake news forwards has to be a national priority. Can‚Äôt be passed off as comp‚Ä¶ https://t.co/nvgoZaN86X
760,"The @IndiaToday Fact-Check desk speaks to locals, cops &amp; mental health doctors in the recent mob lynching cases to‚Ä¶ https://t.co/2L89pzyGqB"
762,"RT @IndiaToday: #Lynchistan
Why are tech companies not doing anything to curb fake news, asks cyber security expert Jiten Jain 
#NEWSROOM
W‚Ä¶"
764,"RT @IndiaToday: India turning into lynchistan? Here is what Psychiatrist Dr Deepek Raheja has to say. 
#NEWSROOM
Watch LIVE at https://t.co‚Ä¶"
766,On Newsroom tonight an in-depth investigation and debate on the fake videos that are fuelling the spree of mob lync‚Ä¶ https://t.co/v7L9iF2Xo6
768,RT @shwetapunj: @IndiaToday fact check team finds that @rashtrapatibhvn was not indeed harassed by Pandits at Puri. The story can be traced‚Ä¶
770,@HindolSengupta Thank you. Sent you a mail. Do take a look at your convenience.
772,"RT @IndiaToday: Real estate bodies failing home buyers?
India Today exposes realty's shocking reality.
#NEWSROOM LIVE https://t.co/4fqxBVUi‚Ä¶"
774,What‚Äôs the point of creating a regulator for the real estate sector if the Govt can‚Äôt ensure builders listen to RER‚Ä¶ https://t.co/Yiw0EWpDaQ
776,RT @jessica_roy: I was pulling photos from the shooting today and found this one: two of the @capgaznews journalists working on tomorrow's‚Ä¶
778,RT @bala3047: Is India really the worst country in the world for women as claimed #ThomsonReutersFoundation? Not really ! https://t.co/9Zrx‚Ä¶
780,@priyaramani :)
782,Our fact check desk reached out to someone who was part of Thomson Reuters study which found India to be ‚Äòunsafest‚Ä¶ https://t.co/lWSx7piRJu
784,@ikaveri Where is this?
786,RT @IndiaToday: Watch ‚ÄòThe Emergency Roundtable‚Äô in the #NEWSROOM with @rahulkanwal  #ITLivestream https://t.co/ulwXmFg2Ph
788,Colleague @ashoupadhyay who leads @IndiaToday Research &amp; RTI desk got this interesting reply on the status of the A‚Ä¶ https://t.co/450UwEvg2a
790,"RT @IndiaToday: Right-wing trolls a Frankenstein's monster gone berserk?
Watch full show with @rahulkanwal : https://t.co/2MJTuotxq9
#NewsR‚Ä¶"
792,"RT @IndiaToday: Why can't the houses be build around the trees? why there is a need to cut trees? asks Vimlendu Jha, Environmentalist 
Watc‚Ä¶"
794,"RT @IndiaToday: Delhi will be a choked city if we don't have trees, says @vimlendu
Watch #NEWSROOM live: https://t.co/4fqxBVUizL https://t.‚Ä¶"
796,On Newsroom at 10 PM Are right-wing trolls a Frankenstein monster that‚Äôs now out of control? Why is BJP not acting‚Ä¶ https://t.co/BaP9abxMnT
798,"RT @IndiaToday: Preparation at full swing for Amarnath Yatra. @sudhiranjansen brings you this report from ground zero. #TVideo
https://t.co‚Ä¶"
800,"Watch our special show on statewide violence, arson due to #Maratha reservation stir, Tonight at 10 @indiatvnews https://t.co/1N8QGBEbGE"
802,Watch videos of natural calamities occurring in different parts of the world. Tonight at 8 @indiatvnews https://t.co/WMN9gCrCTR
804,"Mr Gautam Gambhir, current player will be special invitee to the Committee. The  Cricket Committee is authorised to‚Ä¶ https://t.co/WsJXuorllN"
806,I am pleased to share with you the constitution of Cricket Committee as per the recommendations made by the Lodha C‚Ä¶ https://t.co/ucLbUdgsRQ
808,"Why @INCIndia chief @RahulGandhi described lynching of #Rakbar as ""brutal""? 
Why MIM chief @asadowaisi used the ter‚Ä¶ https://t.co/RhEpGLIf4W"
810,RT @arunjaitley: The Congress Party and the Fake Issue of Rafale https://t.co/M4vMxDFCTI
812,Greetings to veteran Bollywood actor #manojkumar on his 81st birthday. May God bestow on him long life and happines‚Ä¶ https://t.co/2VmnNEgTqp
814,"‡§¶‡•á‡§ñ‡§ø‡§è , ‡§Æ‡•å‡§§ ‡§ï‡•á ‡§∏‡•å‡§¶‡§æ‡§ó‡§∞ - ‡§è‡§ï ‡§∏‡§®‡§∏‡§®‡•Ä‡§ñ‡•á‡§ú‡§º ‡§§‡§π‡§ï‡§º‡•Ä‡§ï‡§º‡§æ‡§§ , ‡§Ü‡§ú ‡§∞‡§æ‡§§ 10 ‡§¨‡§ú‡•á ‡§á‡§Ç‡§°‡§ø‡§Ø‡§æ ‡§ü‡•Ä‡§µ‡•Ä ‡§™‡§∞ @indiatvnews https://t.co/FhKbuffvK5"
816,What a special show on natural calamities across the world Tonight at 8 @indiatvnews https://t.co/5rNNmPWhEG
818,The nation salutes the great revolutionary #ChandraShekharAzad on his birth anniversary. ‡§Æ‡§π‡§æ‡§® ‡§ï‡•ç‡§∞‡§æ‡§®‡•ç‡§§‡§ø‡§ï‡§æ‡§∞‡•Ä ‡§ö‡§®‡•ç‡§¶‡•ç‡§∞‡§∂‡•á‚Ä¶ https://t.co/VBw46nK6Xr
820,"Watch a special show on 102 jawans martyred in Himalayan snow 50 years ago. Tonight at 9.30 @indiatvnews
‡§¶‡•á‡§ñ‡§ø‡§è, ‡§¨‡§∞‡•ç‚Ä¶ https://t.co/nWKMvtGiw9"
822,"Watch a special show on a train plying through flood water Tonight at 8 @indiatvnews
‡§¶‡•á‡§ñ‡§ø‡§è, ‡§∏‡§Æ‡§Ç‡§¶‡§∞ ‡§è‡§ï‡•ç‡§∏‡§™‡•ç‡§∞‡•á‡§∏ ‡§Æ‡•á‡§Ç ‡§ï‡•à‚Ä¶ https://t.co/ugsHkxmqNu"
824,".@Dev_Fadnavis  Many Happy Returns Of The Day, Devendra Fadnavis Ji. ‡§à‡§∂‡•ç‡§µ‡§∞ ‡§Ü‡§™‡§ï‡•ã ‡§π‡§Æ‡•á‡§∂‡§æ ‡§∏‡•ç‡§µ‡§∏‡•ç‡§• ‡§∞‡§ñ‡•á‡§Ç ‡§î‡§∞ ‡§Ü‡§™‡§ï‡•á ‡§ú‡•Ä‡§µ‡§® ‡§Æ‡•á‡§Ç ‡§∏‡•Å‡§ñ, ‡§∏‡§Æ‡•É‡§¶‡•ç‡§ß‡§ø ‡§∞‡§π‡•á."
826,"Watch a special show on PM @narendramodi 's strategy for 2019 LS polls. Tonight at 9 @indiatvnews
‡§¶‡•á‡§ñ‡§ø‡§è ‡§Ö‡§µ‡§ø‡§∂‡•ç‡§µ‡§æ‡§∏ ‡§∏‡•á‚Ä¶ https://t.co/dczs6WspDq"
828,Bollywood actress Alia Bhatt @aliaa08 on her 'relationship' with Ranbir Kapoor @ranbirrk Watch #AapKiAdalat Tonight‚Ä¶ https://t.co/GD1JjkBn5j
830,"Did @INCIndia chief @RahulGandhi make a blunder on #Rafale deal?
PM @narendramodi gets ready to reply to‚Ä¶ https://t.co/cDky83wMqc"
832,"On public demand, watch Bollywood actress Alia Bhatt @aliaa08 in #AapKiAdalat Tomorrow Saturday night at 10‚Ä¶ https://t.co/gBV3IHlLlw"
834,"Remembering the late actor #RajendraKumar. He was #Bollywood‚Äôs ‚ÄòJubilee Kumar‚Äô, who had a string of silver jubilee‚Ä¶ https://t.co/4oCik6P0PB"
836,"Why @ShivSena declared support for @narendramodi ahead of #NoConfidence vote in Lok Sabha, 
@BJP4India leaders awai‚Ä¶ https://t.co/VwVq8wcldW"
838,No-confidence motion in LS will test Opposition unity https://t.co/y43GOCouOS
840,"Who will benefit from no-confidence motion against @narendramodi ?
Congress MP @ShashiTharoor 's remarks on Taliban‚Ä¶ https://t.co/XJAxr5wz0m"
842,Watch our special show on floods in #India tonight at 8 @indiatvnews https://t.co/iQbapZ0O3c
844,"Watch how @priyankachopra sang the catchy ‚ÄòDarling‚Äô song with the audience in #AapKiAdalat. Happy birthday, Priyank‚Ä¶ https://t.co/k2VtM2jokY"
846,Many Happy Returns Of The Day @priyankachopra May you scale new heights of success in the years to come. You‚Äôd once‚Ä¶ https://t.co/nRbAeoCeMk
848,"‚Äò‡§Æ‡•à‡§Ç ‡§¶‡§ø‡§≤ ‡§™‡§∞ ‡§π‡§æ‡§• ‡§∞‡§ñ ‡§ï‡§∞ ‡§ï‡§º‡§∏‡§Æ ‡§ñ‡§æ‡§§‡§æ ‡§π‡•Ç‡§Ç ‡§ï‡§ø ‡§Æ‡•à‡§Ç ‡§Ø‡§π‡§æ‡§Ç ‡§ú‡•ã ‡§≠‡•Ä ‡§ï‡§π‡•Ç‡§Ç‡§ó‡§æ, ‡§∏‡§ö ‡§ï‡§π‡•Ç‡§Ç‡§ó‡§æ‚Äò ‚Äì ‡§∏‡•ç‡§µ‡§∞‡•ç‡§ó‡•Ä‡§Ø #‡§∞‡§æ‡§ú‡•á‡§∂‡§ñ‡§®‡•ç‡§®‡§æ ‡§®‡•á ‡§®‡§¨‡•ç‡§¨‡•á ‡§ï‡•á ‡§¶‡§∂‡§ï ‡§Æ‡•á‡§Ç‚Ä¶ https://t.co/5m6s8gfPtV"
850,"Law Minister @rsprasad offers 'New Deal' to @INCIndia chief @RahulGandhi 
SC asks #Parliament to frame new law to c‚Ä¶ https://t.co/hS4a6jAmxe"
852,Why Congress is on the defensive over Rahul‚Äôs ‚ÄòMuslim‚Äô party remark https://t.co/y43GOCouOS
854,"Why PM @narendramodi said he was happy to see @MamataOfficial posters in #Bengal
What PM Modi told #SPG after watch‚Ä¶ https://t.co/7QLf84pLcj"
856,RT @arunjaitley: Is the Karnataka a Preview of what the Congress and the Federal Front Promise for the Future?  https://t.co/BziYyOADN7
858,"Exclusive: Nearly 15 lakh candidates applied for 13,000 posts of police constables in #Rajasthan 

Watch our Specia‚Ä¶ https://t.co/lHc6Acwuur"
860,Former Jammu and #Kashmir CM @MehboobaMufti saying in #AapKiAdalat why she did not act against Jamaat-e-Islami Toni‚Ä¶ https://t.co/j5vDfriEgb
862,"‡§π‡§ø‡§®‡•ç‡§¶‡•Å‡§∏‡•ç‡§§‡§æ‡§® ‡§Æ‡•á‡§Ç ‡§§‡§æ‡§≤‡§ø‡§¨‡§æ‡§® ‡§ï‡§æ ‡§ö‡•ã‡§∞ ‡§¶‡§∞‡§µ‡§æ‡§ú‡§º‡§æ, ‡§∏‡§¨‡§∏‡•á ‡§¨‡§°‡§º‡•Ä ‡§™‡§°‡§º‡§§‡§æ‡§≤, ‡§¶‡•á‡§ñ‡§ø‡§è ‡§Ü‡§ú ‡§∞‡§æ‡§§ 9 ‡§¨‡§ú‡•á ‡§á‡§Ç‡§°‡§ø‡§Ø‡§æ ‡§ü‡•Ä‡§µ‡•Ä ‡§™‡§∞ @indiatvnews https://t.co/Ds4aeACmkA"
864,"On public demand, watch @MehboobaMufti grilled in #AapKiAdalat Tonight at 10 @indiatvnews 
‡§Æ‡§π‡§¨‡•Ç‡§¨‡§æ ‡§Æ‡•Å‡§´‡•ç‡§§‡•Ä '‡§Ü‡§™ ‡§ï‡•Ä ‡§Ö‡§¶‡§æ‚Ä¶ https://t.co/V87FUEakv6"
866,RT @Parveen40119952: @RajatSharmaLive  https://t.co/wlpwIXTd0W
868,Wishing you all the best on the occasion of #RathYatra2018  ‡§à‡§∂‡•ç‡§µ‡§∞ ‡§∏‡•á ‡§™‡•ç‡§∞‡§æ‡§∞‡•ç‡§•‡§®‡§æ ‡§π‡•à ‡§ï‡§ø ‡§µ‡•á ‡§ú‡§ó‡§®‡•ç‡§®‡§æ‡§•‡§ú‡•Ä ‡§ï‡•Ä ‡§∞‡§•‡§Ø‡§æ‡§§‡•ç‡§∞‡§æ ‡§ï‡•á ‡§™‡§æ‚Ä¶ https://t.co/iJHCdhJ4im
870,"Watch a special show on Prime Minister @narendramodi 's #Azamgarh visit tomorrow. Tonight at 10 @indiatvnews 
‡§¶‡•á‡§ñ‡§ø‡§è‚Ä¶ https://t.co/lhEQSzjX53"
872,RT @arunjaitley: The Congress Gave Slogans to Rural India ‚Äì Prime Minister Modi Gave Resources https://t.co/tm4uK5HvAp
874,"Why @INCIndia Congress distanced itself from MP @ShashiTharoor 's 'Hindu Pakistan' remarks, 
BJP chief @AmitShah ch‚Ä¶ https://t.co/E0xEiMRTsd"
876,"RT @arunjaitley: Sharing my speech at the 37th Foundation Day celebrations of NABARD, 12 July 2018 https://t.co/0ZnOjIj1F1"
878,Parliament must pass law to ban triple talaq https://t.co/y43GOCouOS
880,"Watch a special show on how school children are being forced to go to school facing serious hazards, Tonight at 10‚Ä¶ https://t.co/5Vi8P76NE4"
882,"Watch a special show on #Burari deaths in #Delhi Tonight at 8 @indiatvnews
‡§¨‡•Å‡§∞‡§æ‡§°‡§º‡•Ä ‡§ï‡§æ‡§Ç‡§° ‡§ï‡•á ‡§Æ‡•ã‡§ï‡•ç‡§∑ ‡§ó‡•Å‡§∞‡•Å ‡§ï‡§æ ‡§ñ‡•Å‡§≤‡§æ‡§∏‡§æ, ‡§¶‡•á‚Ä¶ https://t.co/NSWf3TRCyc"
884,"Many Happy Returns Of The Day, @sureshpprabhu Ji. May God bestow his blessings on you for a good health and long life."
886,"Life defeats death after heroic rescue inside a cave to rescue footballers in #Thailand 
Normal life crippled in‚Ä¶ https://t.co/bt3QO8HcAF"
888,The sordid murder of a dreaded gangster inside a UP jail https://t.co/y43GOCouOS
890,"‡§∞‡§æ‡§ú‡§®‡§æ‡§• ‡§∏‡§ø‡§Ç‡§π ‡§ú‡•Ä @rajnathsingh ‡§ï‡•ã ‡§â‡§®‡§ï‡•á ‡§ú‡§®‡•ç‡§Æ‡§¶‡§ø‡§® ‡§™‡§∞ ‡§¨‡§ß‡§æ‡§à. ‡§Ü‡§™ ‡§π‡§Æ‡•á‡§∂‡§æ ‡§ï‡•Ä ‡§§‡§∞‡§π ‡§∏‡•ç‡§µ‡§∏‡•ç‡§• ‡§î‡§∞ ‡§™‡•ç‡§∞‡§∏‡§®‡•ç‡§® ‡§∞‡§π‡•á‡§Ç, ‡§Ø‡§π‡•Ä ‡§à‡§∂‡•ç‡§µ‡§∞ ‡§∏‡•á ‡§ï‡§æ‡§Æ‡§®‡§æ ‡§π‡•à‚Ä¶ https://t.co/mCPqIcEqPO"
892,"Mystery surrounds murder of dreaded gangster #MunnaBajrangi in UP's #Baghpat prison, 
Controversy over Muslims Pers‚Ä¶ https://t.co/R2ISp89X1w"
894,RT @indiatvnews: Exclusive | @ImRo45 can't stay away from big knocks for long: @SGanguly99 to @indiatvnews https://t.co/A2eO2XfVMS
896,"One of the great #Bollywood film directors, the late #GuruDutt (Vasantkumar Padukone) was an icon of his times. I o‚Ä¶ https://t.co/k2y35nNT9k"
898,".@SGanguly99 Many Happy Returns Of The Day, Sourav Ganguly. Wishing you the best of health, wellness and prosperity‚Ä¶ https://t.co/7MHXG8KyuZ"
900,What Mehbooba Mufti said in ‚ÄòAap Ki Adalat‚Äô https://t.co/y43GOCouOS
902,‡§Æ‡•ã‡§ï‡•ç‡§∑ ‡§ï‡•á ‡§Æ‡§π‡§æ‡§†‡§ó - ‡§¶‡•á‡§ñ‡§ø‡§è ‡§Ü‡§ú ‡§∞‡§æ‡§§ 8 ‡§¨‡§ú‡•á ‡§á‡§Ç‡§°‡§ø‡§Ø‡§æ ‡§ü‡•Ä‡§µ‡•Ä ‡§™‡§∞ @indiatvnews https://t.co/jw1FCqbjLL
904,"'Unilateral ceasefire was not meant for militants, it was meant for our own people. There was 70 per cent improveme‚Ä¶ https://t.co/ShAW4An9lG"
906,.@msdhoni Many Happy Returns Of The Day. Wishing you a happy and prosperous life. https://t.co/HdeIEpPsj7
908,"""Terrorists entered our security force camps and attacked. Shujaat Bukhari was an easy target. ..To stop mayhem in‚Ä¶ https://t.co/LANjhVbwUg"
910,"Former J&amp;K CM @MehboobaMufti describes speculations about alliance with @INCIndia as 'baseless' in #AapKiAdalat
Wes‚Ä¶ https://t.co/sWUdgNyv6Y"
912,Vijay Mallya is fighting a losing battle in UK https://t.co/y43GOCouOS
914,Watch a special show on the House of Horrors in #Burari #Delhi Tonight at 8 @indiatvnews https://t.co/4wER1rFeyW
916,"Why #UK High Court ordered confiscation of properties of @TheVijayMallya ?
@ArvindKejriwal threatens prosecution of‚Ä¶ https://t.co/NvyJZpmTEw"
918,Watch our special show on the mystery about the death of 11 members of a family in #Burari #Delhi Tonight at 8‚Ä¶ https://t.co/BL3QrWaGMe
920,"RT @arunjaitley: What the Supreme Court has actually observed
in the Delhi Government case? https://t.co/ab3NXiT5sb"
922,Was there a killer's hand behind the death of 11 members of Bhatia family in the House of Horrors in #Burari #Delhi‚Ä¶ https://t.co/MQdOPQ5cRt
924,Mumbai overbridge collapse was a mishap waiting to happen https://t.co/6SJ52lT6p3 via @rajatsharmalive
926,Watch a special show on a spate of mishaps during #mumbairains today Tonight at 10 @indiatvnews https://t.co/fH8EnuY8zb
928,Watch a special show on the unresolved mysteries from the House of Horrors in #Burari #Delhi Tonight at 8‚Ä¶ https://t.co/aVD7ABhe9V
930,@VijayJollyBJP .@VijayJollyBJP Many thanks Vijay Ji for your best wishes. Looking forward to your support in future.
932,@gupta_rekha .@gupta_rekha Many thanks for your best wishes.
934,@yogrishiramdev .@yogrishiramdev Many thanks for your best wishes. Looking forward to your support in future.
936,Watch a special story on the mystery behind the death of 11 members of a family in #Burari #Delhi Tonight at 8‚Ä¶ https://t.co/ER6SrfRPOi
938,"RT @indiatvnews: .@virendersehwag congratulates @RajatSharmaLive after historic victory in #DDCAElections 

Watch Video: https://t.co/awdsq‚Ä¶"
940,I condemn the dastardly and heinous suicide bombing in #Jalalabad #Afghanistan targeting #Sikhs . My thoughts and p‚Ä¶ https://t.co/xXjuKVLzvn
942,Watch a special show on religious tension arising out of gangrape incidents Tonight at 8 @indiatvnews https://t.co/ZHcGD8CcOh
944,Nature wreaks havoc from #Kashmir to #Arunachal Pradesh. Watch our special show Tonight at 9.30 @indiatvnews https://t.co/o4D1RTpsu4
946,Watch a special show on the gruesome gangrape of an 8-year-old girl in #Mandsaur #MP Tonight at 8 @indiatvnews https://t.co/b9PDiZoJNi
948,RT @samiprajguru: Great times with Dada...this is just the start @indiatvnews @RajatSharmaLive @virendersehwag https://t.co/XWQSceyJvW
950,"'I have practically forced multinational FMCG companies to do Sheershasan (Yoga posture)', says Swami Ramdev‚Ä¶ https://t.co/6B7WBCHvPW"
952,RT @arunjaitley: The Impact of the Government Polices on Direct Tax Collections https://t.co/RAzAd4ShhF
954,Watch Swami Ramdev @yogrishiramdev in #AapKiAdalat Tomorrow Saturday night at 10 @indiatvnews https://t.co/znXxUkL1bt
956,Watch @yogrishiramdev in #AapKiAdalat This Saturday night at 10 @indiatvnews https://t.co/JuFClzvvWj
958,‡§∏‡§Ç‡§§ ‡§ï‡§¨‡•Ä‡§∞ ‡§¶‡§æ‡§∏ ‡§ï‡•Ä ‡§ú‡§Ø‡§®‡•ç‡§§‡•Ä ‡§™‡§∞ ‡§â‡§®‡•ç‡§π‡•á‡§Ç ‡§∂‡§§‡•ç ‡§∂‡§§‡•ç ‡§®‡§Æ‡§®. ‡§ï‡§¨‡•Ä‡§∞ ‡§ï‡•á ‡§¶‡•ã‡§π‡•á ‡§ó‡§æ‡§ó‡§∞ ‡§Æ‡•á‡§Ç ‡§∏‡§æ‡§ó‡§∞ ‡§ï‡•á ‡§∏‡§Æ‡§æ‡§® ‡§π‡•à‡§Ç. ‡§∏‡§¶‡§ø‡§Ø‡•ã‡§Ç ‡§∏‡•á ‡§ï‡§¨‡•Ä‡§∞ ‡§ï‡•á ‡§â‡§™‡§¶‡•á‡§∂ ‡§≠‡§æ‡§∞‡§§‡•Ä‚Ä¶ https://t.co/BmB27QgZy1
960,"Why @AITC supporters tore off @BJP4Bengal posters during @AmitShah visit to #Kolkata 
How @BJP4India targeted‚Ä¶ https://t.co/7iwYrINE0L"
962,"Remembering the late Field Marshal #SamManekshaw architect of 1971 Bangladesh War victory, on his death anniversary‚Ä¶ https://t.co/uqWDvBeSXh"
964,"PM @narendramodi hits out at Congress @INCIndia , Gandhi family over 1975 #Emergency
Congress compared‚Ä¶ https://t.co/9CaXY7BCLB"
966,".@dpradhanbjp Many Happy Returns Of The Day, Dharmendra Ji. May God bless you with good health, happiness and success."
968,Remembering the darkest period in post-Independence #India when #Emergency was clamped on this day and democracy wa‚Ä¶ https://t.co/2ZavcJaC2v
970,Watch a special show on how an Army Major slit the throat of another Major's wife in #Delhi Tonight at 8‚Ä¶ https://t.co/mRA0crWk55
972,RT @arunjaitley: The Emergency Revisited ‚Äì Part-I (3-Part Series) - The Circumstances Leading to the Imposition of Emergency https://t.co/A‚Ä¶
974,Watch a special show on how an Army Major planned and executed a diabolical murder of another Major's wife Tonight‚Ä¶ https://t.co/OyUOc7jiCH
976,Watch visuals of people fleeing from a sudden volcanic eruption in South America Tonight at 9.30 @indiatvnews ‡§¶‡•á‡§ñ‡§ø‡§è‚Ä¶ https://t.co/uUwx14mrVC
978,"Will #Kashmir become another Syria, Iraq? Watch our special show Tonight at 8 @indiatvnews https://t.co/rAjQYtYt0k"
980,Watch cricketers @RaviShastriOfc @harbhajan_singh @GautamGambhir grilled in #AapKiAdalat Cricket Special Tonight at‚Ä¶ https://t.co/ryfLzYmkSy
982,"Remembering Dr Syama Prasad Mukerjee, founder of Bharatiya Jana Sangh, on his death anniversary. He was a beacon li‚Ä¶ https://t.co/CZCTRltrWX"
984,Watch a special show on how @GujaratPolice foiled a plot to foment communal violence in #Valsad Tonight at 8‚Ä¶ https://t.co/XHMUwPB3dt
986,I am grateful for the overwhelming support I have received from #DDCA members and cricketing fraternity for my elec‚Ä¶ https://t.co/KjpcjyG6YS
988,"Watch a special show on a gang of cheaters in #Gujarat who duped many people by using a ""magic wand"" that could fin‚Ä¶ https://t.co/XfjfEMIfpa"
990,@samiprajguru @virendersehwag @indiatvnews @imVkohli @GautamGambhir Thanks @virendersehwag for your support.
992,RT @indiatvnews: Yoga is a unification of mind and soul: India TV Chairman and Editor-in-Chief @RajatSharmaLive attends NDMC #International‚Ä¶
994,"On  #InternationalYogaDay2018 let all of us vow to work for a healthy, energetic #India  ‡§Ö‡§®‡•ç‡§§‡§∞‡§∞‡§æ‡§∑‡•ç‡§ü‡•ç‡§∞‡•Ä‡§Ø ‡§Ø‡•ã‡§ó ‡§¶‡§ø‡§µ‡§∏ ‡§™‡§∞‚Ä¶ https://t.co/Te9Q7HpSP7"
996,Watch an exclusive report on how migrant workers in #Kashmir valley are being forced to pelt stones at security for‚Ä¶ https://t.co/cc2nIPMMJy
998,"Know the inside story of why @BJP4India broke its coalition with @MehboobaMufti 's PDP in #Kashmir 
Watch‚Ä¶ https://t.co/PmBq4BeWUf"
1000,Pakistan voters appear to have squarely rejected Hafiz Saeed and his terror/religious fundoo brigade; zero seats th‚Ä¶ https://t.co/PKMKC7ha84
1002,"Yes, none of us including you and yours truly were given visas. So much for some of us being anti national!‚ÄôüòÑüëç https://t.co/qyFwDW5Qsg"
1004,Karan Thapar‚Äôs ouch moment! üòÑ https://t.co/QsRK3XwoLw
1006,"Good news today! In its 150th year, Mumbai‚Äôs iconic St Xaviers college will have its first non Christian principal:‚Ä¶ https://t.co/ioUXkUHu9v"
1008,"I will always wish the people of Pakistan well. A strong, stable and peaceful Pakistan is in our interest here in I‚Ä¶ https://t.co/xoClzOrQqU"
1010,"All eyes on Pakistan elections today: every time you are depressed about aspects of Indian democracy, look to our n‚Ä¶ https://t.co/Meblwaebfv"
1012,"Suprabhatam! In daily life we must see that it is not happiness that makes us grateful, but gratefulness that makes‚Ä¶ https://t.co/v8FhevTGzq"
1014,Today's live anchor chat that you can join every night at 10 pm https://t.co/A7r91wBUhx
1016,"Until now, West Indies was best known for its cricket. Now, it seems the best place for all our fugitive offenders‚Ä¶ https://t.co/jayEAkGRsX"
1018,üëç I am ready for a new life!üëç https://t.co/JPNViLD3DM
1020,"Ace crime reporter of @aajtak and his team bring you @CrimeTak , your one stop destination for all the big crime st‚Ä¶ https://t.co/LTYtLKwmOx"
1022,@aajtak ace crime reporter and team bring you @CrimeTak . Tracking every big crime story! Follow them! https://t.co/g8d6nvCq5N
1024,Terrible news.. an agitation which turns violent and results in death like this loses its moral core..‚Ä¶ https://t.co/qu2LoNgKAa
1026,While we journalists play tweet-tweet over ‚Äòyour‚Äô outrage versus ‚Äòmine‚Äô and netas shamelessly debate ‚Äòyour‚Äô riot ve‚Ä¶ https://t.co/hmA4BfE40B
1028,Outrage is not selective but the whataboutery is. There are 100s of instances of violence in the country: the anger‚Ä¶ https://t.co/50F6eEyXoK
1030,An India where hate and impunity co-exist is not 'new' but medieval.. my take: https://t.co/7xvrz8uyag
1032,"Unless we have lost all shred of humanity, there is ZERO reason to defend Alwar lynching. ZERO! Mahatma Gandhi will‚Ä¶ https://t.co/KVZznDuxr3"
1034,News Today: 9 pm: the Alwar lynching: is this a hate factory at work? Why eating fish has become hazardous in Goa;‚Ä¶ https://t.co/2hWS5ksqt6
1036,It comes out next month!üëç https://t.co/eL1j9j16gP
1038,"If you missed by blog on 5 things the NCM told us, here it is. https://t.co/brHDJgf1Lb"
1040,RT @Shyamal1751: @sardesairajdeep Top quality interview where both interviewee &amp; interviewer excelled . Through deft handling you made both‚Ä¶
1042,"Mukesh birth anniversary. Listen to this song, and feel nostalgic.. magical lyrics, music and voice. Salil da, Yoge‚Ä¶ https://t.co/YATfkk51hM"
1044,üò¢üò™shall aim to get better!üôè https://t.co/H5N2isV353
1046,On now! Do watch @IndiaToday tv now!üëç https://t.co/5LjxvVNWQY
1048,Hinduism is a great religion and those who kill in the name of cow protection do not represent my Hinduism. If that‚Ä¶ https://t.co/2D2irRB5IJ
1050,Terrible and she must be given full protection.But let not a fatwa from an extremist become another occasion for li‚Ä¶ https://t.co/Baec3Mn16J
1052,Thanks Nikhil!üëçüòÑ I also enjoyed interviewing 2 people who spoke with freedom of thought! And have walked the talk i‚Ä¶ https://t.co/qiUkHRHcbK
1054,"RT @Shmyak13: @sardesairajdeep @IndiaToday Just watched the episode. Was too good.  @MasabaG and Neena were so natural , took all the quest‚Ä¶"
1056,"Reminder! To all those who say there is nothing to watch on news tv, don‚Äôt miss this.. @IndiaToday 1 pm and 8 pm! https://t.co/iEMQE6bibJ"
1058,The hug that gave the headlines was clever tv but cannot be a one act show: @sagarikaghose Sunday column.. do read‚Ä¶ https://t.co/AApiSpcqUz
1060,"Very good analysis. Divided Aiadmk, resilient TTV, unsure Kamal-Rajni, yet to take off BJP means advantage DMK alli‚Ä¶ https://t.co/yWXsCZSbzq"
1062,Buzz in TN is that TTV is the man to watch? https://t.co/FhubPXeQbn
1064,RT @cmkahlon: @sardesairajdeep @MasbahG An interesting conversation. A must watch for younger generation &amp; their mothers as exampalry publi‚Ä¶
1066,Yes! The master! Best days of our lives!üëçüòÑ https://t.co/H3c4vq3zSj
1068,RT @VeeBali: One of the best &amp; honest interview I've seen in ages. I'm a bigger fan of Neena Gupta now and Masaba. https://t.co/iQcUDp3mBD
1070,Agree! Enjoyed it tooüëç https://t.co/xh8CE684eW
1072,"Reminder: don‚Äôt miss India Today India Tomorrow on @IndiaToday tv at 10
Pm tonight! On now! Repeats 1 pm and 8 pm S‚Ä¶ https://t.co/H5OHhkDEpo"
1074,Replugging my column: will 2019 elections be fought on Whatsapp? Toxic and intoxicating. https://t.co/GoBVJz771c
1076,1 on 10.. üòÑüëç https://t.co/e10lPB4dll
1078,Unmissable: India Today India Tomorrow special with Neena and Masaba Gupta.. a really feisty and wonderful mother d‚Ä¶ https://t.co/42l7pHnOQD
1080,"Wow! If you praise  @narendramodi eye for detail and speech skills, you are sold to one side. If you give‚Ä¶ https://t.co/vnbpTUOR73"
1082,Good idea!! Not injurious to health atleast!üòÄ https://t.co/xR6VOfxduO
1084,breaking: NDA may have found a new ally.. several AIADMK MPs vote with the Modi government #TrustVote
1086,"No confidence motion moved by TDP, @narendramodi focusses on Congress and the Gandhis. Strategy: divide the opposit‚Ä¶ https://t.co/B4y9GLd2sO"
1088,@narendramodi sharp dialogues and hand movements reliving his school days of one man theatre.. says entire oppn led‚Ä¶ https://t.co/xs1KrF7AjR
1090,Here is the relevant Macron video to @IndiaToday tv listen very carefully.. https://t.co/Y6zNf7jUdp
1092,"Macron to @IndiaToday: First,you have commercial agreements, and obviously you have competitors and we can't let th‚Ä¶ https://t.co/lNW2PauLCU"
1094,On @aajtak @sambitswaraj gives Rahul Gandhi speech 0 out of 10; Akhilesh Pratap Singh of Cong gives it 10 out 10. m‚Ä¶ https://t.co/mSKDBqpbcr
1096,Will be on @aajtak at 4 pm to rate @RahulGandhi speech. I have given it 6 on 10. Limited on facts and substance but‚Ä¶ https://t.co/vwNQS6lnB7
1098,"@RahulGandhi says during the break, not just the opposition MPs but even the BJP MPs congratulated me.. there is an‚Ä¶ https://t.co/pv8iygbdyZ"
1100,"@RahulGandhi does a Modi on Modi, plays street fighter, targets Jay Shah, raises Rafael deal, names defence ministe‚Ä¶ https://t.co/7sIvYbMV1v"
1102,"Breaking: setback for NDA: Shiv Sena walks the talk, well almost. Chooses to boycott the no confidence vote. Boost‚Ä¶ https://t.co/Nhjf6EmnC9"
1104,"And just ahead of the no confidence motion, the rupee touches a new low! Remember what was said about MMS and the r‚Ä¶ https://t.co/4H7RtH21yD"
1106,"RT @anjanaomkashyap: Blockbuster Friday of Indian politics, first day first show for 2019, catch us live from Vijay Chowk @aajtak 10 am onw‚Ä¶"
1108,Don‚Äôt worry the farmer in rural UP and tribal Chattisgarh is hard at work with no TV set in front of him. He will d‚Ä¶ https://t.co/t7Dymgc9Es
1110,Get ready for the social media elections where there are no codes of behaviour.. a longer version of my column for‚Ä¶ https://t.co/tqpjsGbZAs
1112,My take: there was a time when parliament debates saw the best of the best.. now it's empty grandstanding https://t.co/TnaeZuCI6U
1114,"The great Gopal Das ""Neeraj"" passed away in evening at 1922 hrs.

‡§∏‡•ç‡§µ‡§™‡•ç‡§® ‡§ù‡§∞‡•á ‡§´‡•Ç‡§≤ ‡§∏‡•á,
‡§Æ‡•Ä‡§§ ‡§ö‡•Å‡§≠‡•á ‡§∂‡•Ç‡§≤ ‡§∏‡•á,
‡§≤‡•Å‡§ü ‡§ó‡§è ‡§∏‡§ø‡§Ç‡§ó‡§æ‡§∞‚Ä¶ https://t.co/0rCh62BQho"
1116,RT @rahulkanwal: Link to the @IndiaToday story on the twist in the Augusta Westland Scam. https://t.co/5NAnAR3umU Christen Michel‚Äôs sister‚Ä¶
1118,My latest column for @htTweets . The social media election is here.. do read and share if you like! https://t.co/2bkj1uoA6w
1120,"You are a brave, good man Ashish! https://t.co/NGphorpNYu"
1122,BBC Marathi is hiring! https://t.co/vBJOulD6NQ
1124,My take on the no confidence motion. Will we see an 'earthquake'? https://t.co/eo8CWcIKqb
1126,"When a 80 year old saffron robed Hindu Arya Samaji Swami is attacked by the mob, then all you can ask: who is safe?‚Ä¶ https://t.co/nyPPZ5ybqE"
1128,Vendetta JNU istyle! Why oh why? https://t.co/s9gvTfeH7G
1130,"Uparwala will decide how one dies. Next time, reveal your name, don‚Äôt be so fearful. https://t.co/FpledE3hwv"
1132,‡§õ‡•á ‡§¨‡§ú‡•á @anjanaomkashyap ke saath ! ‡§ú‡§º‡§∞‡•Ç‡§∞ ‡§¶‡•á‡§ñ‡•á! @aajtak https://t.co/9dgrLebolM
1134,"For god sake Pai baab, is anyone condoning his behaviour? But when a news network works to daily demonise a communi‚Ä¶ https://t.co/XtHVIKv8Ps"
1136,Congrats to the @ITAofficiel for celebrating 18 years of being a voice for the television industry! @anuranjan1010 and team ITA!
1138,Ha ha! Ok!üëçüëç https://t.co/c5i6fgehWz
1140,"You may not wish it but my government will run five years, what you call opportunism is a political necessity: Karn‚Ä¶ https://t.co/aSe8MIGF0c"
1142,Harvard Vs Hazaribagh: Why do the Jayant Sinhas have to line up behind the mob asks @sagarikaghose in this powerful‚Ä¶ https://t.co/npGO0ARiYP
1144,"Said it two weeks ago, will say it again: you cannot 'rest'/drop @klrahul11 .. He is pure class. Gnight, shubhratri"
1146,Bad day in office.. https://t.co/KOqufGSTtP
1148,"So this video will go viral. More drama, more nautanki, more hate. 
Waiting for murder in the studio next. Shameful https://t.co/p3rU22GyjU"
1150,Nah! England are good but We are much the better all round side.. should win seven times out of ten. Go India!‚Ä¶ https://t.co/8YGXiLwfmb
1152,All the best for the ODI series today!üëçüòÄ https://t.co/ummZDD6KdH
1154,The AIMPLB damages the average Indian Muslim with its medieval diktats.. who gives it the moral or legal authority‚Ä¶ https://t.co/d5UYaAn3g2
1156,A story that will tell you why the farmer is angry! And why prime time needs to be more about #GetRealIndia stories! https://t.co/kC9OGt0XfT
1158,The only caste in sport at the highest level is ‚Äòmerit‚Äô but equal opportunity is the basis for a sporting revolutio‚Ä¶ https://t.co/tmxTU0bpIG
1160,On live in 2 minutes on https://t.co/15CGqHNLaW for your take on Rahul Gandhi controversy at Muslim meet.. fake new‚Ä¶ https://t.co/K6aJxihIj7
1162,News Today: 9 pm: were  @RahulGandhi comments at Cong meet with Muslim leaders twisted to keep communal pot boiling‚Ä¶ https://t.co/XyfacJVPXi
1164,So a unconfirmed remark ‚ÄòCongress is a party of Muslims‚Äô which those at Rahul Gandhi closed door meeting are explic‚Ä¶ https://t.co/esBbYIIIJK
1166,"My friend, since my tweet that called for greater diversity and equal access to all in sport was badly misconstrued‚Ä¶ https://t.co/25Fx8baKcP"
1168,"The upper caste internet army doesn‚Äôt like being shown the mirror! 290 test cricketers for India, just 4 Dalits.. t‚Ä¶ https://t.co/UJaFaWc6Le"
1170,"Dalits and Adivasis still do not have equal access to sports, esp cricket. That‚Äôs the harsh reality! Face it and ch‚Ä¶ https://t.co/Cnlamd8TOO"
1172,"Suprabhatam! Laugh your heart out, dance in the rain, cherish the moment, live, laugh, love, forgive &amp; forget, life‚Ä¶ https://t.co/koJuU01th1"
1174,RT @DrSYQuraishi: Kudos to the young IAS officer. https://t.co/E9VMPG3bUi
1176,"Arre sirs, let the world decide who is news and who is noise! Tonight, is for the joy of sport! https://t.co/QI8nLKIR4R"
1178,Day of the head and of a new Ballon D‚ÄôOr.. rise Kylian Mbappe! Not since Pele in 1958 has a teenager so dazzled the‚Ä¶ https://t.co/99IMo2tgTb
1180,"Vinit bhai, emergency is a permanent blot. There are many other instances of Cong intolerance from Satanic Verses t‚Ä¶ https://t.co/2H5Am2YcYX"
1182,Do read: @surjitbhalla column defending the Modi government‚Äôs economic performance.. worth a read though would have‚Ä¶ https://t.co/zupAuU8rY5
1184,Yup https://t.co/xAP9mvL6lr
1186,Big day for Octopus! Head says Djokovic in tennis (heart with Andersen); head says France in WC finals (heart with‚Ä¶ https://t.co/gwGCTUSU1w
1188,Delighted to receive the vocational excellence award 2018 for lifetime achievement in journalism last night from th‚Ä¶ https://t.co/EF0jhTBEQ0
1190,Suprabhatam. Enjoy Sunday and wear this on your T-shirt! https://t.co/1dd395EI3A
1192,Excellent! Good news story for today! https://t.co/83sGdIyQCO
1194,CNN should wear this comment as a badge of honour. https://t.co/fIO29CvVU8
1196,Agree!üëçüòÑ good point on which to end this debate !! Till the next World Cup!!üëç https://t.co/ZMrk9lREiM
1198,"You are partly right. Having a neta as the head of a sports body can sometimes be an advantage, provided the neta h‚Ä¶ https://t.co/ujAL3uOcxG"
1200,This is a huge discovery! https://t.co/7p6qdGArn6
1202,Climate change is worth shouting about! In all caps. https://t.co/EsGQBj8Ulv
1204,@priyaramani Say what?! When did I say a negative word about India Spend or its data?! Quite the opposite. But in a‚Ä¶ https://t.co/D88ydqRFO1
1206,Big Fight tonight: what can we do to stop the epidemic of lynching incidents?
1208,‚ÄúJaadu ki jhappi‚Äù in Parliament. Rahul Gandhigiri?!
1210,@jaydawt Not really!
1212,RT @lpolgreen: This is an outrage. https://t.co/yqnkRRfwHU
1214,"RT @HillaryClinton: Well, now we know. https://t.co/olQlhzQiuO"
1216,Another extraordinary day in the Trump presidency. What continues to baffle is that he doesn‚Äôt even try to disguise‚Ä¶ https://t.co/DM5dz7yC2x
1218,"RT @manan: ""Sixteen of the 23 players on the team come from families that recently immigrated to France"" They just won the World Cup. They‚Ä¶"
1220,That could be another reason to offer India naval bases! A billion people cheering for you at the World Cup! üòúüòÅ
1222,"Given that France is a strategic ally of India, I guess I will put on a blue T shirt! #LesBlues"
1224,France? Or Croatia?
1226,That surge towards the end was just incredible! Hima Das!! Remember the name! https://t.co/glY1A3PYqp
1228,"In case you are wondering where the original tweet went, the President of the United States figured out the differe‚Ä¶ https://t.co/6leD3mQtUA"
1230,@sruthijith @Nidhi can I please add ‚Äúblessed to be followed by Nidhi Razdan‚Äù to my profile?
1232,It is ‚Äúthere‚Äù not ‚Äútheir‚Äù! Trying to beat @jk_rowling and @suhelseth to this! https://t.co/6boco5DKDT
1234,"RT @_YogendraYadav: Breaking:
Modi regime now targets my family.
Two days after my 9 day padyatra in Rewari and launching of agitation for‚Ä¶"
1236,"Updated  to the report. India No Longer Has World's Largest Number Of Poor People: Report
https://t.co/LToh9NDtFH"
1238,"Given the size of India‚Äôs overall population, this is actually quite a big achievement. https://t.co/ze2QppOumf"
1240,@anurag_a4 Don‚Äôt think so
1242,Asterix! Not Tintin...
1244,RT @ThailandUN: Thanking our friends #ThaiBoys #footballers in #ChiangRai. We see light at the end of the tunnel - not just for the boys -‚Ä¶
1246,This is such good news. Applause for the heroic rescuers! https://t.co/zQLiwyLg2K
1248,"Stone pelting on the team bus in Brazil! More than a little unfair - they played well overall, and were beaten by a‚Ä¶ https://t.co/g8K6AlO4Td"
1250,@Richwilson1991 Series! Although I will concede that the Tests will be tough!
1252,üôèüèºüôèüèºüôèüèº https://t.co/t5KHQEw7vv
1254,"Dear England, the FIFA World Cup is all very well, but you ain‚Äôt beating India in cricket! Not this summer!"
1256,RT @zalbar1984: Seeing the united world waiting for everything to happen well in the rescue of the 12 children in the cave of Thailand show‚Ä¶
1258,@Biswajeet1795 Lasted 8 minutes!
1260,"RT @Kasparov63: The demagogue doesn't lead radicals, he radicalizes his supporters. With each outrage he drags them down by association unt‚Ä¶"
1262,Belgium! And the World Cup becomes an European Championship!
1264,France or Uruguay?
1266,Road to 2019 at 9:30 PM tonight looks at the states where the BJP will try to make inroads next year- West Bengal a‚Ä¶ https://t.co/tbWvIiPRdu
1268,"@runbikehurry @mitalisaran @bsindia As always, I add!"
1270,RT @OmarAbdullah: Here‚Äôs praying he returns home safe &amp; sound. https://t.co/KrtuhHSvAe
1272,"Real Power With Elected Government, Says Top Court, Big AAP Win: 10 Facts
https://t.co/93Yy4SKP9n"
1274,Don‚Äôt rule out Belgium! https://t.co/5k5U8KHNaa
1276,People making vile threats like this cannot be allowed to escape under the cover of anonymity. Both Twitter and the‚Ä¶ https://t.co/gCy5veIph3
1278,Russia knock Spain out of the World Cup! Who would have believed it?
1280,RT @MehboobaMufti: Horrified by the vicious trolling @SushmaSwaraj ji has been subjected to . Absolutely outrageous! If our own Minister of‚Ä¶
1282,@suhelseth üòÇüòÇüòÇ. It was a play on spell checking!
1284,Today we could potentially see the last of both Lionel Messi and Cristiano Ronaldo in World Cup football!
1286,Big Fight tonight- a lot of attention on the Emergency this week. What are the lessons to be learnt? How can we pre‚Ä¶ https://t.co/RTcepWLRdL
1288,RT @SportsJOE_UK: #ENGBEL first half highlights... https://t.co/ivUozhHy45
1290,The winner of #EngvsBel could bump into Brazil in the quarter finals. Which is why both sides may not mind losing today!
1292,And no shocks here! India win comfortably against Ireland! üáÆüá≥ üáÆüá≥ https://t.co/3G7X6eAFXO
1294,You may want to wait for another couple of hours! You never know... https://t.co/IvbAhQ7A2B
1296,RT @Cricket_Germany: We hereby ask #FIFA to make the next #WorldCup open only to ten teams üèèüá©üá™
1298,South Korea beat Germany 2-0 to knock them out!  Asian teams leaving their mark on this World Cup. #KORvGER
1300,Messi! He‚Äôs looking hungry in this match!
1302,OMG! What is happening in this group! Spain equalise as do Iran! And Iran just missed a winner. All in three minutes.
1304,@sharmarohitraj How is agreeing with him the same as taunting him?!
1306,"Given its strategic location, Seychelles is very important for India. We seem to have lost the Maldives (for now) -‚Ä¶ https://t.co/ZfTLG0GJWt"
1308,Ok. Whatever that means! But I love dogs so I‚Äôll take it as a compliment. üòÇüòú. @SushmaSwaraj https://t.co/JxzXXpRwuf
1310,"@NavinKTyagi @SushmaSwaraj I‚Äôm a friendly person. You send me a message about football or cricket, I will respond too! üòÅ"
1312,@GappistanRadio Where did I say I wanted to control anything? Simply stating a fact. That these comments reflect so‚Ä¶ https://t.co/LWb1w8doTy
1314,@Indian_1111 @SushmaSwaraj Why should I quit?
1316,"RT @Raheelk: When 'news' was entirely state run, monopolized and structured. Okay to get nostalgic, but let's not think of DD days as the g‚Ä¶"
1318,"Hopefully, the day isn‚Äôt far when India will beat Argentina in football too! üòÅüôèüèº https://t.co/ltgNbIYarv"
1320,How was that shove in the back NOT a penalty? https://t.co/JyQ5LF14f6
1322,Thrashing Pakistan has become a delightful habit for the Indian hockey team! 4-0! üòÅ #INDvPAK
1324,How is it acceptable to openly threaten the media like this? https://t.co/ffTPCwBqk1
1326,You have to feel sorry for Messi! https://t.co/pmIjEENrHR
1328,@Davinde14684961 @wadhwa Yes - and it‚Äôs already happening
1330,Technology will lead to disruption in every industry - and it will come out of nowhere! Can I use that as a tag lin‚Ä¶ https://t.co/3j4wRGV7Mw
1332,"RT @ndtv: ""Was expecting this coalition to fall apart, but the timing has surprised me"": National Conference's Omar Abdullah on BJP-PDP spl‚Ä¶"
1334,"@hridayeshjoshi @amaresh4 hahaha! True! For now, let me focus on @editorji though!"
1336,@amaresh4 sure.. whenever they ask me!
1338,"Astonishing that a tiny neighbour like the Maldives feels able to flout international opinion on democracy, return‚Ä¶ https://t.co/j7UJjWSBoa"
1340,Worth retweeting this today! Maybe those who only think of hate will learn something. #MuthalikDogComment https://t.co/M8smcEjrzv
1342,@muazzam_na I‚Äôm not perturbed at all. But surely they should look at this too?
1344,@saurabh_lohani Yeah but Portugal was always going to be tough. Not the same as Germany losing to Mexico!
1346,"RT @ChelseaClinton: On #FathersDay &amp; every day, I could not imagine a better dad for Charlotte &amp; Aidan than Marc. I also could not imagine‚Ä¶"
1348,There are plenty! The relatively ‚Äòsilent‚Äô majority üòÅ https://t.co/sokA5kEmP7
1350,"Well done, @AnushkaSharma! We need to end our silence when we see people littering. https://t.co/9yIZtzeWRk"
1352,"Remarkable courage and fortitude shown by Mohd Hanif, the father of murdered soldier Aurangzeb. https://t.co/8kOarRrnT2"
1354,RT @sajadlone: @Junaid_Mattu They won‚Äôt stop. The best they could do is to shut up. And they won‚Äôt. My principle in the aftermath of my fat‚Ä¶
1356,One of the best games of football I‚Äôve ever seen. Take a bow #Spain #Ronaldo. Hope the rest of #FifaWorldCup18 can match that!
1358,This match! More than living up to the hype! #PORESP
1360,"RT @rajnathsingh: The killing of @RisingKashmir editor, Shujaat Bukhari is an act of cowardice. It is an attempt to silence the saner voice‚Ä¶"
1362,"RT @shahfaesal: At Syed Shujat Bukhari's funeral today, I realised that life has come to a dead end in Kashmir. We are now nothing but a la‚Ä¶"
1364,RT @Roshanjnu: We journalists are generally a dispassionate lot. But there are days when a news triggers a sense of personal loss and devas‚Ä¶
1366,"The forces of evil silence a voice of reason &amp; sanity in these tough and troubled times. Rest in peace, @bukharishujaat"
1368,This is such shocking news. I do hope @bukharishujaat is OK. https://t.co/kVBdCVBCBb
1370,"RT @ndtv: Delhi Under A Thick Haze Of Dust, Pollution At ""Severe"" Level https://t.co/d3vqzDiNo4 #NDTVNewsBeeps https://t.co/wVfCGnlGFv"
1372,"I‚Äôve been travelling - am busy working on the launch of @editorji! Still anchoring those shows though, which will r‚Ä¶ https://t.co/dUdS0Keeji"
1374,Here‚Äôs an interesting thought. The combined population of countries playing the Cricket World Cup next year is prob‚Ä¶ https://t.co/Y6JElFXG2g
1376,Fight with America‚Äôs closest allies over trade while appeasing China. Threaten CAATSA action if India buys S400 mis‚Ä¶ https://t.co/AK9ZefxPO6
1378,"RT @BarackObama: ‚ÄúLow plastic stool, cheap but delicious noodles, cold Hanoi beer.‚Äù This is how I‚Äôll remember Tony. He taught us about food‚Ä¶"
1380,"RT @nytimes: Justin Trudeau said at a news conference with Emmanuel Macron that ""we are going to defend our industries and our workers"" and‚Ä¶"
1382,"RT @CitiznMukherjee: India's Nationhood is not 1 lang,1religion,1 https://t.co/n5hElNFwpC is Perennial Universalism of 1.3billion people wh‚Ä¶"
1384,Wow! This could be a huge development. https://t.co/29GzkGfDdX
1386,@sruthijith All the best!
1388,@Suparna_Singh I totally disagree! Bhutias are the best. Followed by German Shepherds!
1390,NOW you are talking. *rubs hands in glee* https://t.co/jMuXnNSRq0
1392,"RT @Gadgets360: Looking to watch a movie tonight? We've picked out the best ones from major streaming sites:

1. Best 70 movies on Hotstar‚Ä¶"
1394,"It is completely unacceptable in a democracy for someone to be harassed, let alone murdered, because of their polit‚Ä¶ https://t.co/SpnX6JVy8E"
1396,@midday_update part owner??! do you know something that I don't? üòÄ
1398,This is disgraceful. Mamata needs to ensure the guilty are caught and punished. https://t.co/GTKx1twyYW
